1010	Anís diluido (1+5)	1 copa pequeña	1 shot	40
5011	Cerveza de abadía o artesana	1 caña	1 glass	200
5000	Cerveza negra	1 caña	1 glass	200
5008	Cerveza baja en alcohol (3°)	1 caña	1 glass	200
5010	Cerveza especial (5-6°)	1 caña	1 glass	200
5002	Cerveza fuerte (más de 8°)	1 caña	1 glass	200
1021	Licor de casis	1 copa pequeña	1 shot	40
1024	Calvados	1 copa pequeña	1 shot	40
5207	Champán	1 copa	1 glass	150
1019	Kir royal (champán con licor de frutos rojos)	1 copa pequeña	1 shot	40
5020	Sidra	1 caña	1 glass	200
5003	Sidra (media)	1 caña	1 glass	200
5006	Sidra seca	1 caña	1 glass	200
5021	Sidra semiseca	1 caña	1 glass	200
5007	Sidra dulce	1 caña	1 glass	200
1001	Aguardiente de frutas	1 copa pequeña	1 shot	40
2008	Cóctel sin alcohol (zumos y sirope)	1 copa	1 glass	150
1022	Ponche (16 % de alcohol)	1 copa	1 glass	150
5022	Sidra con sabor	1 caña	1 glass	200
1002	Ginebra	1 copa pequeña	1 shot	40
1018	Kir (vino blanco con licor de frutos rojos)	1 copa pequeña	1 shot	40
1003	Licor	1 copa pequeña	1 shot	40
1016	Marsala al huevo	1 copa pequeña	1 shot	40
1015	Vino de Marsala	1 copa pequeña	1 shot	40
1000	Pastís (licor de anís)	1 copa pequeña	1 shot	40
1004	Ron	1 copa pequeña	1 shot	40
1012	Cóctel con ron	1 copa pequeña	1 shot	40
1026	Sake	1 copa pequeña	1 shot	40
1017	Sangría	1 copa	1 glass	150
5004	Clara (cerveza con limonada)	1 caña	1 glass	200
5005	Clara envasada (menos de 1°)	1 caña	1 glass	200
5100	Vino espumoso de frutas	1 copa	1 glass	150
1023	Brandy, coñac o armañac	1 copa pequeña	1 shot	40
1008	Vodka	1 copa pequeña	1 shot	40
5009	Cerveza de trigo	1 caña	1 glass	200
1013	Cóctel con whisky	1 copa pequeña	1 shot	40
1005	Whisky	1 copa pequeña	1 shot	40
5210	Vino (media)	1 copa	1 glass	150
1011	Aperitivo a base de vino (tipo vermut)	1 vaso	1 glass	80
5216	Vino rosado	1 copa	1 glass	150
5215	Vino blanco seco	1 copa	1 glass	150
5201	Vino blanco espumoso (cava)	1 copa	1 glass	150
5209	Vino blanco espumoso con sabor	1 copa	1 glass	150
1006	Vino blanco dulce	1 copa	1 glass	150
1007	Aperitivo de vino	1 vaso	1 glass	80
18110	Bebida de almendras, azucarada, con calcio	1 vaso	1 glass	250
2074	Zumo de manzana (exprimido, sin concentrar)	1 vaso	1 glass	200
2014	Zumo de manzana a base de concentrado	1 cucharada	1 tbsp	10
2076	Néctar de manzana	1 vaso	1 glass	200
2043	Néctar de albaricoque	1 vaso	1 glass	200
2366	Néctar de plátano	1 vaso	1 glass	200
18154	Té negro, sin azúcar	1 taza	1 cup	200
2377	Zumo de naranja sanguina	1 vaso	1 glass	200
18012	Agua con sabor, con azúcar	1 lata	1 can	330
18028	Agua con sabor, sin azúcar ni edulcorantes	1 lata	1 can	330
18030	Agua con sabor, sin azúcar, con edulcorantes	1 lata	1 can	330
18341	Refresco de manzana con gas (50-99 % zumo), sin azúcar añadido	1 lata	1 can	330
18034	Refresco de frutas con gas (10-50 % zumo), con azúcar y edulcorantes	1 lata	1 can	330
2006	Zumo de zanahoria	1 vaso	1 glass	200
18906	Bebida de castaña	1 vaso	1 glass	250
18152	Achicoria soluble (polvo)	1 cucharada	1 tbsp	10
19122	Batido de chocolate semidesnatado, con azúcar	1 lata	1 can	330
18101	Cacao en polvo azucarado (tipo Cola Cao)	1 cucharada	1 tbsp	10
18168	Cacao en polvo azucarado, con vitaminas	1 cucharada	1 tbsp	10
18167	Cacao en polvo azucarado, con vitaminas y minerales	1 cucharada	1 tbsp	10
18100	Cacao puro en polvo, sin azúcar	1 cucharada	1 tbsp	10
18041	Leche o crema de coco	1 ración	1 serving	100
18011	Agua de coco	1 vaso	1 glass	200
18907	Bebida de coco	1 vaso	1 glass	250
18163	Capuchino con chocolate soluble (polvo)	1 cucharada	1 tbsp	10
18160	Café con leche o capuchino soluble (polvo)	1 cucharada	1 tbsp	10
18063	Refresco de cola (media)	1 lata	1 can	330
18037	Refresco de cola con azúcar y edulcorantes	1 lata	1 can	330
18067	Refresco de cola sin cafeína, con azúcar	1 lata	1 can	330
18068	Refresco de cola sin azúcar (zero o light)	1 lata	1 can	330
18059	Concentrado para diluir sin azúcar (tipo sirope 0 %)	1 cucharada	1 tbsp	10
18072	Café descafeinado soluble, preparado, sin azúcar	1 taza	1 cup	200
18070	Café descafeinado, sin azúcar	1 taza	1 cup	200
18352	Bebida energética con azúcar	1 lata	1 can	330
18353	Bebida energética sin azúcar	1 lata	1 can	330
19120	Batido con sabor semidesnatado, con azúcar	1 vaso	1 glass	250
2052	Zumo de frutas y verduras	1 vaso	1 glass	200
2004	Zumo de frutas (media)	1 vaso	1 glass	200
18343	Zumo de frutas con leche	1 vaso	1 glass	250
2077	Zumo de frutas a base de concentrado (media)	1 cucharada	1 tbsp	10
2048	Zumo de frutas variadas con base de manzana	1 vaso	1 glass	200
2050	Zumo de frutas variadas con base de manzana, con vitaminas	1 vaso	1 glass	200
2036	Zumo de frutas variadas con base de uva	1 vaso	1 glass	200
2038	Zumo de frutas variadas con base de naranja	1 vaso	1 glass	200
2033	Zumo de frutas con pulpa (tipo smoothie)	1 vaso	1 glass	200
2072	Zumo de frutas exprimido (media)	1 vaso	1 glass	200
2009	Néctar de frutas con base de manzana	1 vaso	1 glass	200
2010	Néctar de frutas con base de manzana, con vitaminas	1 vaso	1 glass	200
2063	Néctar de frutas con base de naranja	1 vaso	1 glass	200
2062	Néctar de frutas con base de naranja, con vitaminas	1 vaso	1 glass	200
2064	Néctar de frutas bajo en azúcar	1 vaso	1 glass	200
18019	Refresco de frutas con gas (10-50 % zumo), con azúcar	1 lata	1 can	330
18051	Refresco de frutas con gas (10-50 % zumo), sin azúcar	1 lata	1 can	330
18048	Refresco de frutas con gas, con azúcar	1 lata	1 can	330
18049	Refresco de naranja o limón con gas (menos del 10 % de zumo), con azúcar	1 lata	1 can	330
18033	Refresco de frutas con gas, con azúcar y edulcorantes	1 lata	1 can	330
18345	Refresco de frutas con gas, sin azúcar ni edulcorantes	1 lata	1 can	330
18340	Refresco de frutas con gas, sin azúcar (zero)	1 lata	1 can	330
18304	Refresco de frutas sin gas (10-50 % zumo), bajo en azúcar	1 lata	1 can	330
18339	Refresco de frutas sin gas (10-50 % zumo), con azúcar	1 lata	1 can	330
18305	Refresco de frutas sin gas (10-50 % zumo), sin azúcar	1 lata	1 can	330
18309	Refresco de frutas sin gas, con azúcar	1 lata	1 can	330
18023	Refresco de frutas sin gas (menos del 10 % de zumo), con azúcar	1 lata	1 can	330
18021	Refresco de frutas sin gas, sin azúcar	1 lata	1 can	330
2016	Zumo de uva	1 vaso	1 glass	200
2019	Zumo de uva a base de concentrado	1 cucharada	1 tbsp	10
2025	Zumo de pomelo natural	1 vaso	1 glass	200
2027	Zumo de pomelo	1 vaso	1 glass	200
2015	Zumo de pomelo a base de concentrado	1 cucharada	1 tbsp	10
18155	Té verde, sin azúcar	1 taza	1 cup	200
2367	Néctar de guayaba	1 vaso	1 glass	200
18022	Infusión, sin azúcar	1 taza	1 cup	200
18161	Achicoria soluble con leche semidesnatada, sin azúcar	1 taza	1 cup	200
18106	Cacao soluble con leche semidesnatada, con vitaminas	1 vaso	1 glass	250
18104	Cacao soluble con leche semidesnatada (tipo Cola Cao preparado)	1 lata	1 can	330
18073	Café soluble, preparado, sin azúcar	1 taza	1 cup	200
18025	Kombucha	1 lata	1 can	330
2007	Zumo de limón natural	1 vaso	1 glass	200
2028	Zumo de limón	1 vaso	1 glass	200
18220	Concentrado de limón para diluir, sin azúcar	1 cucharada	1 tbsp	10
18039	Limonada con sirope	1 lata	1 can	330
18010	Limonada o gaseosa con azúcar	1 lata	1 can	330
18016	Limonada con azúcar y edulcorantes	1 lata	1 can	330
18035	Gaseosa o limonada sin azúcar	1 lata	1 can	330
2030	Zumo de lima natural	1 vaso	1 glass	200
2031	Zumo de lima	1 vaso	1 glass	200
18102	Cacao malteado en polvo azucarado (tipo Nesquik o Ovomaltine)	1 cucharada	1 tbsp	10
2034	Zumo de mandarina	1 vaso	1 glass	200
2023	Zumo de mango natural	1 vaso	1 glass	200
2370	Néctar de mango	1 vaso	1 glass	200
18153	Achicoria con café, soluble, con leche semidesnatada	1 taza	1 cup	200
18162	Achicoria con café, soluble, con agua	1 taza	1 cup	200
2011	Zumo multifrutas con naranja, con vitaminas	1 vaso	1 glass	200
2035	Zumo multifrutas	1 vaso	1 glass	200
2002	Zumo multifrutas con vitaminas	1 vaso	1 glass	200
2071	Zumo multifrutas a base de concentrado, con vitaminas	1 cucharada	1 tbsp	10
2069	Zumo multifrutas a base de concentrado	1 cucharada	1 tbsp	10
2061	Néctar multifrutas	1 vaso	1 glass	200
2060	Néctar multifrutas con vitaminas	1 vaso	1 glass	200
18004	Café solo, sin azúcar	1 taza	1 cup	50
18905	Bebida de avena	1 vaso	1 glass	250
18156	Té oolong, sin azúcar	1 taza	1 cup	200
2013	Zumo de naranja natural (exprimido en casa)	1 vaso	1 glass	200
2012	Zumo de naranja a base de concentrado	1 cucharada	1 tbsp	10
2375	Néctar de naranja	1 vaso	1 glass	200
2045	Néctar de papaya	1 vaso	1 glass	200
2024	Zumo de maracuyá natural	1 vaso	1 glass	200
2365	Néctar de maracuyá	1 vaso	1 glass	200
2371	Néctar de melocotón	1 vaso	1 glass	200
2054	Néctar de pera	1 vaso	1 glass	200
2073	Zumo de piña	1 vaso	1 glass	200
2000	Zumo de piña a base de concentrado	1 cucharada	1 tbsp	10
2374	Néctar de piña	1 vaso	1 glass	200
2039	Zumo de granada natural	1 vaso	1 glass	200
2017	Zumo de granada	1 vaso	1 glass	200
18057	Sirope 0 % diluido en agua	1 vaso	1 glass	200
2018	Zumo de ciruela	1 vaso	1 glass	200
18904	Bebida de arroz	1 vaso	1 glass	250
2500	Smoothie	1 vaso	1 glass	200
18026	Refresco con gas sin zumo, con azúcar	1 lata	1 can	330
18078	Refresco con gas sin zumo, con azúcar y edulcorantes	1 lata	1 can	330
18001	Refresco con gas sin zumo, sin azúcar	1 lata	1 can	330
18900	Bebida de soja natural	1 vaso	1 glass	250
18903	Bebida de soja con sabor, azucarada, con calcio	1 vaso	1 glass	250
18902	Bebida de soja con sabor, azucarada	1 vaso	1 glass	250
29209	Bebida de soja con zumo de frutas	1 vaso	1 glass	250
18024	Refresco de frutas sin gas, con azúcar y edulcorantes	1 lata	1 can	330
18075	Té frío con sabor, con azúcar (tipo Nestea)	1 taza	1 cup	200
18065	Té frío con sabor, sin azúcar	1 taza	1 cup	200
18062	Té frío (media)	1 taza	1 cup	200
18015	Té frío con azúcar y edulcorantes	1 taza	1 cup	200
19127	Batido de fresa semidesnatado, con azúcar	1 vaso	1 glass	250
18058	Sirope con azúcar diluido en agua	1 vaso	1 glass	200
18017	Sirope con azúcar (sin diluir)	1 cucharada	1 tbsp	10
18020	Té, sin azúcar	1 taza	1 cup	200
2053	Zumo de tomate	1 vaso	1 glass	200
2026	Zumo de tomate con sal (3 g/l)	1 vaso	1 glass	200
2032	Zumo de tomate con sal (6 g/l)	1 vaso	1 glass	200
18344	Tónica con azúcar	1 lata	1 can	330
18014	Tónica con azúcar y edulcorantes	1 lata	1 can	330
18013	Tónica sin azúcar	1 lata	1 can	330
2075	Zumo de verduras	1 vaso	1 glass	200
7258	Bagel	1 bagel	1 bagel	90
23805	Blinis	3 blinis	3 blinis	30
7115	Pan de salvado	1 trozo	1 piece	60
7000	Pan (media)	1 trozo	1 piece	60
7002	Pan de barra (baguette)	1 trozo	1 piece	60
7255	Pan de barra multicereales	1 trozo	1 piece	60
7007	Pan de barra sin sal	1 trozo	1 piece	60
7012	Hogaza de pan	1 trozo	1 piece	60
7160	Pan sin sal	1 trozo	1 piece	60
7130	Pan sin gluten	1 trozo	1 piece	60
7260	Pan casero (con preparado de harina)	1 trozo	1 piece	60
7500	Pan rallado	1 cucharada	1 tbsp	10
7025	Pan de barra con harina semiintegral	1 trozo	1 piece	60
7263	Pretzel (bretzel)	1 pretzel	1 pretzel	80
7210	Pan de molde tipo brioche	1 rebanada	1 slice	30
7010	Pan moreno de barra (harina semiintegral)	1 trozo	1 piece	60
7813	Tortilla de maíz (para tacos o wraps)	1 tortilla	1 tortilla	30
7100	Pan de payés o de pueblo	1 trozo	1 piece	60
7261	Pan de pueblo casero (panificadora)	1 trozo	1 piece	60
7410	Pan crujiente extrusionado (tipo Krisprolls)	2 rebanadas	2 slices	20
38500	Picatostes con ajo o hierbas	1 puñado	1 handful	20
7431	Picatostes para untar (tostaditas)	1 puñado	1 handful	20
7432	Picatostes	1 puñado	1 handful	20
7257	Muffin inglés	1 muffin	1 muffin	60
7256	Muffin inglés integral	1 muffin	1 muffin	60
7525	Picos o colines (grissini)	1 puñado	1 handful	20
7170	Pan de panini	1 pan	1 bread	70
7180	Pan de pita	1 pan	1 bread	70
7353	Tortitas de cereales inflados	2 rebanadas	2 slices	20
7259	Pan de hamburguesa o perrito	1 pan	1 bun	60
7262	Pan de hamburguesa integral	1 pan	1 bun	60
7300	Biscote	2 biscotes	2 rusks	16
7425	Biscote multicereales	2 biscotes	2 rusks	16
7403	Biscote con huevo	2 biscotes	2 rusks	16
7330	Biscote multicereales (tostado)	2 biscotes	2 rusks	16
7400	Biscote de trigo	2 biscotes	2 rusks	16
7310	Biscote sin sal	2 biscotes	2 rusks	16
7301	Biscote con huevo (tostado)	2 biscotes	2 rusks	16
7340	Biscote integral o rico en fibra	2 biscotes	2 rusks	16
7125	Pan de centeno y trigo	1 trozo	1 piece	60
7112	Pan de molde de salvado	1 rebanada	1 slice	30
7201	Pan de molde sin corteza	1 rebanada	1 slice	30
7113	Pan de molde multicereales	1 rebanada	1 slice	30
7421	Pan tostado sueco con frutas	2 rebanadas	2 slices	20
7409	Pan tostado sueco con linaza	2 rebanadas	2 slices	20
7004	Pan tostado casero	1 trozo	1 piece	60
7351	Crackers de trigo	5 galletitas	5 crackers	25
7407	Pan tostado sueco de trigo	2 rebanadas	2 slices	20
7420	Pan tostado sueco integral	2 rebanadas	2 slices	20
9345	Amaranto (crudo)	1 ración en crudo	1 serving, raw	80
9085	Fideos orientales con sabor, cocidos	1 plato	1 plate	200
9863	Fideos orientales instantáneos (tipo Yatekomo, sin preparar)	1 vaso	1 pot	70
9086	Fideos orientales, cocidos, sin sal	1 plato	1 plate	200
9320	Cebada (cruda)	1 ración en crudo	1 serving, raw	80
9119	Arroz basmati (crudo)	1 ración en crudo	1 serving, raw	80
9380	Trigo sarraceno (crudo)	1 ración en crudo	1 serving, raw	80
9200	Maíz en grano (crudo)	1 ración en crudo	1 serving, raw	80
9683	Cuscús cocido	1 plato	1 plate	200
9681	Cuscús (crudo)	1 ración en crudo	1 serving, raw	80
9822	Pasta al huevo seca, cocida	1 plato	1 plate	200
9821	Pasta al huevo seca (cruda)	1 ración en crudo	1 serving, raw	80
9824	Pasta sin gluten, cocida	1 plato	1 plate	200
9874	Pasta sin gluten (cruda)	1 ración en crudo	1 serving, raw	80
9810	Pasta seca (cruda)	1 ración en crudo	1 serving, raw	80
9871	Pasta integral, cocida	1 plato	1 plate	200
9870	Pasta integral (cruda)	1 ración en crudo	1 serving, raw	80
9081	Trigo integral precocido, cocido	1 plato	1 plate	200
9610	Sémola de trigo duro (cruda)	1 ración en crudo	1 serving, raw	80
9060	Trigo duro (crudo)	1 ración en crudo	1 serving, raw	80
9816	Pasta fresca al huevo, cocida	1 plato	1 plate	200
9815	Pasta fresca al huevo (cruda)	1 ración en crudo	1 serving, raw	80
51511	Freekeh (trigo verde), cocido	1 plato	1 plate	200
51510	Freekeh (trigo verde), crudo	1 ración en crudo	1 serving, raw	80
25510	Ñoquis de patata, cocidos	1 plato	1 plate	200
26264	Ñoquis de patata (crudos)	1 ración en crudo	1 serving, raw	80
25479	Ñoquis de sémola, cocidos	1 plato	1 plate	200
26265	Ñoquis de sémola (crudos)	1 ración en crudo	1 serving, raw	80
9003	Trigo khorasan (kamut)	1 ración en crudo	1 serving, raw	80
9876	Pasta de lentejas sin gluten, cocida	1 plato	1 plate	200
9331	Mijo cocido	1 plato	1 plate	200
9330	Mijo (crudo)	1 ración en crudo	1 serving, raw	80
9612	Mezcla de cereales y legumbres (cruda)	1 ración en crudo	1 serving, raw	80
9313	Gachas de avena con agua	1 bol	1 bowl	250
9310	Avena en grano (cruda)	1 ración en crudo	1 serving, raw	80
9322	Cebada perlada cocida	1 plato	1 plate	200
9321	Cebada perlada (cruda)	1 ración en crudo	1 serving, raw	80
9614	Polenta (sémola de maíz) seca	1 ración en crudo	1 serving, raw	80
9615	Polenta cocida	1 plato	1 plate	200
9340	Quinoa (cruda)	1 ración en crudo	1 serving, raw	80
9901	Fideos de arroz cocidos	1 plato	1 plate	200
9900	Fideos de arroz secos	1 ración en crudo	1 serving, raw	80
9125	Arroz basmati cocido	1 plato	1 plate	200
9102	Arroz integral (crudo)	1 ración en crudo	1 serving, raw	80
9121	Mezcla de arroces (crudo)	1 ración en crudo	1 serving, raw	80
9105	Arroz vaporizado cocido	1 plato	1 plate	200
9101	Arroz vaporizado (crudo)	1 ración en crudo	1 serving, raw	80
9110	Arroz rojo cocido	1 plato	1 plate	200
9109	Arroz rojo (crudo)	1 ración en crudo	1 serving, raw	80
9124	Arroz tailandés (jazmín) cocido	1 plato	1 plate	200
9875	Pasta de arroz y maíz sin gluten, cocida	1 plato	1 plate	200
9390	Centeno (crudo)	1 ración en crudo	1 serving, raw	80
9611	Sémola cocida	1 plato	1 plate	200
9360	Sorgo (crudo)	1 ración en crudo	1 serving, raw	80
9903	Fideos de soja cocidos	1 plato	1 plate	200
9902	Fideos de soja secos	1 ración en crudo	1 serving, raw	80
9001	Espelta (cruda)	1 ración en crudo	1 serving, raw	80
9691	Bulgur cocido	1 plato	1 plate	200
9690	Bulgur (crudo)	1 ración en crudo	1 serving, raw	80
9011	Germinados de trigo	1 puñado	1 handful	30
9080	Trigo precocido (tipo Ebly, crudo)	1 plato	1 plate	200
9111	Arroz salvaje cocido	1 plato	1 plate	200
9108	Arroz salvaje (crudo)	1 ración en crudo	1 serving, raw	80
38406	Cacahuetes recubiertos (tipo cóctel)	1 bolsa pequeña	1 small bag	30
38105	Nachos o totopos de maíz	1 bolsa pequeña	1 small bag	30
9231	Palomitas sin sal (sin aceite)	1 bolsa pequeña	1 small bag	30
9230	Palomitas con sal	1 bolsa pequeña	1 small bag	30
9232	Palomitas con caramelo	1 bolsa pequeña	1 small bag	30
38104	Pan de gambas (chips de gamba)	1 bolsa pequeña	1 small bag	30
38404	Snack de maíz inflado con cacahuete	1 bolsa pequeña	1 small bag	30
38400	Snack de maíz inflado (tipo Cheetos)	1 bolsa pequeña	1 small bag	30
38106	Snack de patata inflado	1 bolsa pequeña	1 small bag	30
38108	Snack de patata y soja inflado	1 bolsa pequeña	1 small bag	30
38408	Galletitas saladas con queso	1 bolsa pequeña	1 small bag	30
38399	Aperitivos salados (media)	1 bolsa pequeña	1 small bag	30
38401	Galletitas saladas rellenas de queso	1 bolsa pequeña	1 small bag	30
38402	Galletitas saladas (crackers)	1 bolsa pequeña	1 small bag	30
38403	Galletitas saladas bajas en grasa	1 bolsa pequeña	1 small bag	30
38405	Snack de patata (tipo Pringles)	1 bolsa pequeña	1 small bag	30
38107	Palitos salados o mini pretzels	1 bolsa pequeña	1 small bag	30
38407	Hojaldritos salados	1 bolsa pequeña	1 small bag	30
16401	Mantequilla clarificada (ghee)	1 porción	1 pat	10
16412	Mantequilla para untar, baja en grasa	1 porción	1 pat	10
16411	Mantequilla light con sal (60 %)	1 porción	1 pat	10
16410	Mantequilla light sin sal (60 %)	1 porción	1 pat	10
16402	Mantequilla con sal	1 porción	1 pat	10
16403	Mantequilla salada	1 porción	1 pat	10
16404	Mantequilla sin sal, fácil de untar	1 porción	1 pat	10
16415	Mantequilla light sin sal (40 %)	1 porción	1 pat	10
16413	Mantequilla semisalada (media)	1 porción	1 pat	10
16414	Mantequilla sin sal (media)	1 porción	1 pat	10
16713	Crema láctea para untar light (20 %)	1 porción	1 pat	10
16712	Crema láctea para untar light (25 %)	1 porción	1 pat	10
16743	Grasa mixta para untar (50-63 %)	1 porción	1 pat	10
16744	Grasa mixta para untar con sal (50-63 %)	1 porción	1 pat	10
16745	Grasa mixta para untar light (30-40 %)	1 porción	1 pat	10
16746	Grasa mixta para untar light con sal (30-40 %)	1 porción	1 pat	10
16725	Grasa para untar (media)	1 porción	1 pat	10
16614	Margarina con sal (80 %)	1 porción	1 pat	10
16738	Margarina light con sal (50-63 %)	1 porción	1 pat	10
16654	Margarina de girasol (60 %)	1 porción	1 pat	10
16616	Margarina (70 %)	1 porción	1 pat	10
16615	Margarina (80 %)	1 porción	1 pat	10
16734	Margarina light con sal (30-40 %)	1 porción	1 pat	10
16742	Margarina light con esteroles vegetales (tipo Benecol)	1 porción	1 pat	10
16733	Margarina light (30-40 %)	1 porción	1 pat	10
16736	Margarina light con omega 3 (30-40 %)	1 porción	1 pat	10
16740	Margarina con omega 3 y sal (50-63 %)	1 porción	1 pat	10
16741	Margarina light (50-63 %)	1 porción	1 pat	10
16737	Margarina con omega 3 (50-63 %)	1 porción	1 pat	10
16739	Margarina con esteroles vegetales (50-63 %)	1 porción	1 pat	10
16719	Margarina light (media)	1 porción	1 pat	10
16540	Grasa de pollo	1 porción	1 pat	10
16550	Grasa de pato	1 porción	1 pat	10
16560	Grasa de oca	1 porción	1 pat	10
16520	Manteca de cerdo	1 porción	1 pat	10
16530	Tocino de cerdo (crudo)	1 ración	1 serving	30
16570	Grasa de pavo	1 porción	1 pat	10
17030	Aceite de almendra	1 cucharada	1 tbsp	10
17900	Aceite de argán	1 cucharada	1 tbsp	10
17100	Aceite de aguacate	1 cucharada	1 tbsp	10
16030	Manteca de cacao	1 porción	1 pat	10
16040	Aceite de coco	1 cucharada	1 tbsp	10
16060	Aceite de coco refinado	1 cucharada	1 tbsp	10
17700	Aceite vegetal mezcla	1 cucharada	1 tbsp	10
17701	Aceite mezcla de oliva y semillas	1 cucharada	1 tbsp	10
17170	Aceite de algodón	1 cucharada	1 tbsp	10
16128	Aceite para freír	1 cucharada	1 tbsp	10
17350	Aceite de pepita de uva	1 cucharada	1 tbsp	10
17210	Aceite de avellana	1 cucharada	1 tbsp	10
17180	Aceite de linaza	1 cucharada	1 tbsp	10
17190	Aceite de maíz	1 cucharada	1 tbsp	10
16200	Grasa de palmiste	1 porción	1 pat	10
16129	Aceite de palma	1 cucharada	1 tbsp	10
16150	Aceite de palma refinado	1 cucharada	1 tbsp	10
17040	Aceite de cacahuete	1 cucharada	1 tbsp	10
17130	Aceite de colza	1 cucharada	1 tbsp	10
17390	Aceite de salvado de arroz	1 cucharada	1 tbsp	10
17126	Aceite de cártamo	1 cucharada	1 tbsp	10
17400	Aceite de sésamo	1 cucharada	1 tbsp	10
16080	Grasa vegetal sólida para freír	1 porción	1 pat	10
17420	Aceite de soja	1 cucharada	1 tbsp	10
17001	Aceite vegetal (media)	1 cucharada	1 tbsp	10
17220	Aceite de nuez	1 cucharada	1 tbsp	10
17110	Aceite de germen de trigo	1 cucharada	1 tbsp	10
13038	Compota de manzana	1 tarrina	1 pot	100
13151	Compota de manzana baja en azúcar	1 tarrina	1 pot	100
13085	Manzana reineta	1 pieza	1 piece	150
13111	Manzana deshidratada	1 puñado	1 handful	30
13039	Manzana con piel	1 pieza	1 piece	150
13050	Manzana sin piel	1 pieza	1 piece	150
13175	Manzana asada	1 pieza	1 piece	150
13190	Manzana Chantecler	1 pieza	1 piece	150
13191	Manzana Gala	1 pieza	1 piece	150
13086	Manzana Golden	1 pieza	1 piece	150
13122	Manzana Granny Smith con piel	1 pieza	1 piece	150
13121	Manzana Granny Smith sin piel	1 pieza	1 piece	150
13192	Manzana Pink Lady	1 pieza	1 piece	150
13176	Manzana cocida (sin piel)	1 pieza	1 piece	150
13712	Albaricoque en almíbar ligero, escurrido	1 ración	1 serving	120
13713	Albaricoque en almíbar ligero, con almíbar	1 ración	1 serving	120
13704	Albaricoque en almíbar, escurrido	1 ración	1 serving	120
13714	Albaricoque en almíbar, escurrido (lata)	1 ración	1 serving	120
13715	Albaricoque en almíbar, con almíbar	1 ración	1 serving	120
13001	Orejones (albaricoque seco)	1 puñado	1 handful	30
13623	Orejones tiernos (rehidratados)	1 puñado	1 handful	30
13000	Albaricoque	2 piezas	2 pieces	80
13089	Plátano deshidratado	1 puñado	1 handful	30
13007	Grosella negra (casis)	1 bol	1 bowl	125
13071	Mora (de morera)	1 bol	1 bowl	125
13150	Moras congeladas	1 bol	1 bowl	125
13029	Moras	1 bol	1 bowl	125
13132	Arándanos congelados	1 bol	1 bowl	125
13054	Carambola	1 pieza	1 piece	150
13128	Chayote	1 pieza	1 piece	150
13056	Chirimoya	1 ración	1 serving	150
13008	Cerezas	1 bol	1 bowl	125
13024	Mandarina o clementina	1 mandarina	1 mandarin	70
13178	Arándanos rojos secos, azucarados	1 puñado	1 handful	30
13113	Arándanos rojos	1 bol	1 bowl	125
13529	Durián	1 pieza	1 piece	150
13126	Bayas de saúco	1 bol	1 bowl	125
13061	Feijoa	2 piezas	2 pieces	80
13013	Higos secos	1 puñado	1 handful	30
13012	Higos	2 piezas	2 pieces	80
13999	Fruta (media)	1 pieza	1 piece	150
13708	Macedonia en almíbar ligero, escurrida	1 ración	1 serving	120
13709	Macedonia en almíbar ligero, con almíbar	1 ración	1 serving	120
13705	Macedonia en almíbar, escurrida	1 ración	1 serving	120
13706	Macedonia en almíbar, escurrida (lata)	1 ración	1 serving	120
13707	Macedonia en almíbar, con almíbar	1 ración	1 serving	120
13185	Compota de frutas	1 tarrina	1 pot	100
13134	Macedonia de frutas frescas	1 bol	1 bowl	125
13998	Coulis o salsa de frutas	2 cucharadas	2 tbsp	30
13108	Compota de frutas variadas	1 tarrina	1 pot	100
13109	Compota de frutas variadas baja en azúcar	1 tarrina	1 pot	100
13129	Compota de frutas refrigerada baja en azúcar	1 tarrina	1 pot	100
13152	Postre de frutas	1 tarrina	1 pot	100
13187	Puré de manzana sin azúcar añadido	1 tarrina	1 pot	100
13153	Puré de frutas sin azúcar añadido	1 tarrina	1 pot	100
13020	Grosella espinosa	1 bol	1 bowl	125
13101	Uva blanca Chasselas	1 bol	1 bowl	125
13112	Uvas blancas	1 bol	1 bowl	125
13621	Uva moscatel	1 bol	1 bowl	125
13045	Uva negra	1 bol	1 bowl	125
13040	Pomelo	1 pieza	1 piece	150
13180	Pomelo rosa	1 pieza	1 piece	150
13179	Pomelo amarillo	1 pieza	1 piece	150
13041	Ciruela claudia	2 piezas	2 pieces	80
13083	Guayaba	1 pieza	1 piece	150
13549	Kumquat	2 piezas	2 pieces	80
13125	Ralladura de limón	1 cucharadita	1 tsp	2
13009	Limón	1 limón	1 lemon	60
13067	Lima	1 limón	1 lemon	60
13552	Longan	5 piezas	5 pieces	50
13023	Lichi	5 piezas	5 pieces	50
13742	Melón verde (piel de sapo)	1 tajada	1 slice	200
13027	Ciruela mirabel	2 piezas	2 pieces	80
13110	Guindas	1 bol	1 bowl	125
13030	Nectarina	1 pieza	1 piece	150
13149	Nectarina blanca	1 pieza	1 piece	150
13148	Nectarina amarilla	1 pieza	1 piece	150
13035	Papaya	1 ración	1 serving	150
13016	Maracuyá	1 pieza	1 piece	150
13730	Melocotón en almíbar ligero, escurrido	1 ración	1 serving	120
13731	Melocotón en almíbar ligero, con almíbar	1 ración	1 serving	120
13118	Melocotón seco	1 puñado	1 handful	30
13043	Melocotón con piel	1 pieza	1 piece	150
13193	Melocotón blanco con piel	1 pieza	1 piece	150
13194	Melocotón blanco sin piel	1 pieza	1 piece	150
13734	Pera en almíbar ligero, escurrida	1 ración	1 serving	120
13735	Pera en almíbar ligero, con almíbar	1 ración	1 serving	120
13107	Pera pelada	1 pieza	1 piece	150
13037	Pera con piel	1 pieza	1 piece	150
13189	Pera Williams	1 pieza	1 piece	150
13066	Caqui	1 pieza	1 piece	150
13718	Piña en almíbar ligero, escurrida	1 ración	1 serving	120
13719	Piña en almíbar ligero, con almíbar	1 ración	1 serving	120
13716	Piña en su jugo, escurrida	1 ración	1 serving	120
13717	Piña en su jugo, con jugo	1 ración	1 serving	120
13100	Ciruela	2 piezas	2 pieces	80
13018	Granada	1 pieza	1 piece	150
13063	Higo chumbo	2 piezas	2 pieces	80
13042	Ciruela pasa	1 puñado	1 handful	30
13614	Pomelo chino (pummelo)	1 pieza	1 piece	150
13010	Membrillo (fruta)	1 pieza	1 piece	150
13077	Rambután	5 piezas	5 pieces	50
13136	Frambuesas congeladas	1 bol	1 bowl	125
13015	Frambuesas	1 bol	1 bowl	125
13997	Frutos rojos variados	1 bol	1 bowl	125
13019	Grosella roja	1 bol	1 bowl	125
13048	Ruibarbo cocido con azúcar	1 pieza	1 piece	150
13047	Ruibarbo	1 pieza	1 piece	150
13154	Fruta en compota azucarada	1 tarrina	1 pot	100
13080	Tamarindo	1 pieza	1 piece	150
13051	Mezcla de frutas tropicales deshidratadas	1 puñado	1 handful	30
20530	Judía mungo (seca)	1 ración en crudo	1 serving, dry	60
20500	Habas cocidas	1 plato	1 plate	200
20518	Habas secas	1 ración en crudo	1 serving, dry	60
20536	Habas congeladas	1 plato	1 plate	200
20543	Habas congeladas, cocidas	1 plato	1 plate	200
20541	Habitas peladas congeladas	1 plato	1 plate	200
20517	Habas frescas (con vaina)	1 plato	1 plate	200
20542	Habitas peladas, cocidas	1 plato	1 plate	200
20532	Garbanzos cocidos (bote)	1 plato	1 plate	200
20516	Garbanzos secos	1 ración en crudo	1 serving, dry	60
20293	Alubia blanca (tipo coco), cocida	1 plato	1 plate	200
20513	Judión o alubia flageolet, cocida	1 plato	1 plate	200
20508	Alubia flageolet en conserva	1 plato	1 plate	200
20540	Alubia verde flageolet, cocida	1 plato	1 plate	200
20539	Alubia verde flageolet, seca	1 ración en crudo	1 serving, dry	60
20511	Alubias blancas cocidas (bote)	1 plato	1 plate	200
20501	Alubias blancas secas	1 ración en crudo	1 serving, dry	60
20700	Legumbres cocidas (media)	1 plato	1 plate	200
20588	Lentejas rubias cocidas	1 plato	1 plate	200
20586	Lentejas rubias secas	1 ración en crudo	1 serving, dry	60
20505	Lentejas cocidas (media)	1 plato	1 plate	200
20504	Lentejas secas	1 ración en crudo	1 serving, dry	60
20585	Lentejas pardinas secas	1 ración en crudo	1 serving, dry	60
20589	Lentejas rojas cocidas	1 plato	1 plate	200
20535	Lentejas rojas secas	1 ración en crudo	1 serving, dry	60
20510	Lentejas guisadas (conserva)	1 plato	1 plate	200
20521	Lentejas germinadas	1 puñado	1 handful	30
20531	Judía mungo cocida	1 plato	1 plate	200
20524	Alubias rojas cocidas (bote)	1 plato	1 plate	200
20525	Alubias rojas secas	1 ración en crudo	1 serving, dry	60
20506	Guisantes secos partidos, cocidos	1 ración en crudo	1 serving, dry	60
20515	Guisantes secos partidos	1 ración en crudo	1 serving, dry	60
20537	Alubia flageolet congelada	1 plato	1 plate	200
20534	Altramuces	1 puñado	1 handful	30
15032	Semillas de alfalfa	1 cucharada	1 tbsp	10
15029	Brotes de alfalfa	1 cucharada	1 tbsp	10
15201	Mazapán	1 porción	1 piece	20
15000	Almendras con piel	1 puñado	1 handful	30
15042	Almendras tostadas con sal	1 puñado	1 handful	30
15008	Nueces de Brasil	1 puñado	1 handful	30
15055	Anacardos tostados sin sal	1 puñado	1 handful	30
15019	Anacardos tostados con sal	1 puñado	1 handful	30
15013	Crema de castañas	1 cucharada	1 tbsp	15
15016	Crema de castañas a la vainilla	1 cucharada	1 tbsp	15
9570	Harina de castaña	1 ración	1 serving	30
15020	Castañas cocidas	6 castañas	6 chestnuts	60
15039	Castañas en conserva	6 castañas	6 chestnuts	60
15021	Castañas asadas	6 castañas	6 chestnuts	60
15024	Castañas crudas	6 castañas	6 chestnuts	60
15014	Coco tierno	1 trozo	1 piece	40
15007	Coco rallado (seco)	1 puñado	1 handful	30
15006	Coco fresco	1 trozo	1 piece	40
15028	Pipas de calabaza	1 puñado	1 handful	30
15034	Semillas de lino	1 cucharada	1 tbsp	10
15052	Semillas de lino marrón	1 cucharada	1 tbsp	10
15004	Avellanas	1 puñado	1 handful	30
15033	Avellanas tostadas	1 puñado	1 handful	30
15050	Avellanas tostadas con sal	1 puñado	1 handful	30
15027	Nueces de macadamia	1 puñado	1 handful	30
15043	Nueces de macadamia tostadas con sal	1 puñado	1 handful	30
15018	Frutos secos salados con pasas (cóctel)	1 puñado	1 handful	30
15048	Frutos secos sin sal con fruta deshidratada	1 puñado	1 handful	30
15049	Frutos secos sin sal con pasas	1 puñado	1 handful	30
15001	Cacahuetes crudos	1 puñado	1 handful	30
20581	Cacahuetes cocidos con sal	1 puñado	1 handful	30
15037	Cacahuetes tostados con sal (sin aceite)	1 puñado	1 handful	30
15002	Cacahuetes fritos con sal	1 puñado	1 handful	30
15026	Nueces pecanas	1 puñado	1 handful	30
15046	Nueces pecanas saladas	1 puñado	1 handful	30
15025	Piñones	1 puñado	1 handful	30
15044	Pistachos tostados	1 puñado	1 handful	30
15009	Pistachos tostados con sal	1 puñado	1 handful	30
15010	Sésamo	1 cucharada	1 tbsp	10
15038	Sésamo tostado pelado	1 cucharada	1 tbsp	10
15035	Sésamo pelado	1 cucharada	1 tbsp	10
20901	Soja en grano	1 ración en crudo	1 serving, dry	60
15011	Pipas de girasol	1 puñado	1 handful	30
15045	Pipas de girasol tostadas con sal	1 puñado	1 handful	30
15203	Tahini (pasta de sésamo)	1 cucharada	1 tbsp	15
15023	Nueces frescas	1 puñado	1 handful	30
54500	Fruto del pan	1 ración	1 serving	200
54034	Yuca cocida	1 ración	1 serving	200
54031	Yuca cruda	1 ración	1 serving	200
4021	Patatas dauphine congeladas, horneadas	1 ración	1 serving	150
4020	Patatas dauphine congeladas	1 ración	1 serving	150
4034	Patatas duquesa congeladas, horneadas	1 ración	1 serving	150
4042	Patatas duquesa congeladas	1 ración	1 serving	150
4029	Patata nueva cocida, pelada	1 ración	1 serving	200
4032	Patatas fritas congeladas, fritas en freidora	1 ración	1 serving	150
4045	Patatas fritas congeladas para microondas	1 ración	1 serving	150
4046	Patatas fritas congeladas para freidora (sin freír)	1 ración	1 serving	150
4044	Patatas fritas congeladas para horno (sin hornear)	1 ración	1 serving	150
20050	Tupinambo cocido	1 ración	1 serving	200
20196	Tupinambo crudo	1 ración	1 serving	200
4035	Croquetas de patata congeladas, horneadas	1 ración	1 serving	150
4013	Croquetas de patata congeladas	1 ración	1 serving	150
4047	Puré de patata (media)	1 ración	1 serving	200
4023	Patata nueva cruda	1 ración	1 serving	200
53101	Plátano macho cocido	1 ración	1 serving	200
4025	Patatas gajo especiadas congeladas, horneadas	1 ración	1 serving	150
4038	Patatas fritas de bolsa bajas en grasa	1 bolsa pequeña	1 small bag	30
4037	Patatas fritas de bolsa artesanas	1 bolsa pequeña	1 small bag	30
4022	Copos de puré de patata	1 ración	1 serving	30
4016	Copos de puré de patata con leche	1 ración	1 serving	30
4019	Puré de patata de copos con leche semidesnatada	1 ración	1 serving	30
4017	Puré de patata de copos con leche entera y mantequilla	1 ración	1 serving	30
4018	Puré de patata casero con leche y mantequilla	1 ración	1 serving	200
4011	Patatas en conserva	1 ración	1 serving	200
4048	Patata cocinada (media)	1 ración	1 serving	200
4008	Patata pelada cruda	1 ración	1 serving	200
4027	Patatas en dados prefritas, horneadas	1 ración	1 serving	150
4043	Patatas en dados prefritas congeladas	1 ración	1 serving	150
4026	Patata al horno	1 ración	1 serving	200
4015	Patatas salteadas	1 ración	1 serving	200
4036	Patatas salteadas en grasa de oca	1 ración	1 serving	200
4014	Patata al vapor envasada	1 ración	1 serving	200
4039	Rösti (tortitas de patata)	1 ración	1 serving	200
4103	Puré de boniato con nata	1 ración	1 serving	200
4101	Boniato crudo	1 ración	1 serving	200
4000	Tapioca	1 cucharada	1 tbsp	15
53201	Taro cocido	1 ración	1 serving	200
53200	Taro crudo	1 ración	1 serving	200
4028	Patata cocida, pelada	1 ración	1 serving	200
53503	Ñame cocido	1 ración	1 serving	200
53502	Ñame crudo	1 ración	1 serving	200
20156	Fondos de alcachofa en conserva	1 ración	1 serving	150
20232	Fondos de alcachofa congelados	1 ración	1 serving	150
20067	Alcachofas en conserva	1 ración	1 serving	150
20000	Alcachofa cocida	1 ración	1 serving	150
20052	Alcachofa cruda	1 ración	1 serving	150
20155	Corazones de alcachofa en conserva	1 ración	1 serving	150
20074	Alcachofa al vapor	1 ración	1 serving	150
20001	Espárragos cocidos	1 ración	1 serving	150
20076	Espárragos en conserva	1 ración	1 serving	150
20299	Espárragos verdes (trigueros) cocidos	1 ración	1 serving	150
20279	Espárragos verdes (trigueros) crudos	1 ración	1 serving	150
20073	Espárragos pelados crudos	1 ración	1 serving	150
20282	Espárragos blancos crudos	1 ración	1 serving	150
20277	Espárragos blancos cocidos	1 ración	1 serving	150
20188	Brotes de bambú en conserva	1 ración	1 serving	150
20198	Brotes de bambú	1 ración	1 serving	150
20003	Remolacha cocida	1 ración	1 serving	150
20091	Remolacha cruda	1 ración	1 serving	150
20302	Brócoli cocido al dente	1 ración	1 serving	150
20006	Brócoli cocido (blando)	1 ración	1 serving	150
20205	Brócoli congelado, cocido	1 ración	1 serving	150
20204	Brócoli congelado	1 ración	1 serving	150
20259	Puré de brócoli	1 ración	1 serving	150
20057	Brócoli crudo	1 ración	1 serving	150
20304	Brócoli al vapor	1 ración	1 serving	150
20309	Coles de Bruselas cocidas	1 ración	1 serving	150
20077	Coles de Bruselas en conserva	1 ración	1 serving	150
20013	Coles de Bruselas cocinadas	1 ración	1 serving	150
20207	Coles de Bruselas congeladas, cocidas	1 ración	1 serving	150
20206	Coles de Bruselas congeladas	1 ración	1 serving	150
20058	Coles de Bruselas crudas	1 ración	1 serving	150
20318	Judías amarillas cocidas	1 ración	1 serving	150
20063	Judías amarillas en conserva	1 ración	1 serving	150
20203	Judías amarillas congeladas	1 ración	1 serving	150
20195	Judías amarillas crudas	1 ración	1 serving	150
20102	Champiñones cocidos	1 ración	1 serving	100
20079	Champiñones en conserva	1 ración	1 serving	100
20228	Champiñones congelados	1 ración	1 serving	100
20125	Champiñones salteados sin aceite	1 ración	1 serving	100
20159	Oronja (seta de los césares)	1 ración	1 serving	100
20241	Cardo cocido	1 ración	1 serving	150
20054	Cardo crudo	1 ración	1 serving	150
20305	Zanahoria cocida al dente	1 ración	1 serving	150
20306	Zanahoria cocida (blanda)	1 ración	1 serving	150
20007	Zanahoria en conserva	1 ración	1 serving	150
20008	Zanahoria cocinada	1 ración	1 serving	150
20092	Zanahoria deshidratada	1 cucharadita	1 tsp	5
20209	Zanahoria congelada, cocida	1 ración	1 serving	150
20208	Zanahoria congelada	1 ración	1 serving	150
20307	Zanahoria al vapor	1 ración	1 serving	150
20261	Puré de zanahoria	1 ración	1 serving	150
20298	Puré de zanahoria con nata	1 ración	1 serving	150
20017	Coliflor cocida	1 ración	1 serving	150
20122	Coliflor congelada, cocida	1 ración	1 serving	150
20082	Coliflor congelada	1 ración	1 serving	150
20016	Coliflor cruda	1 ración	1 serving	150
20312	Coliflor al vapor	1 ración	1 serving	150
20315	Apionabo cocido	1 ración	1 serving	150
20025	Apionabo cocinado	1 ración	1 serving	150
20278	Puré de apionabo	1 ración	1 serving	150
20055	Apionabo crudo	1 ración	1 serving	150
20314	Apio estofado	1 ración	1 serving	150
20078	Apio en conserva	1 ración	1 serving	150
20024	Apio cocido	1 ración	1 serving	150
20023	Apio crudo	1 ración	1 serving	150
20160	Boletus (crudo)	1 ración	1 serving	100
20103	Rebozuelo (crudo)	1 ración	1 serving	100
13177	Chayote cocido	1 ración	1 serving	150
20026	Endibia cruda	1 plato	1 plate	80
20316	Endibia al horno	1 plato	1 plate	80
20151	Guindilla	1 cucharadita	1 tsp	5
20221	Col china (bok choy) cocida	1 ración	1 serving	150
20167	Col china (bok choy) cruda	1 ración	1 serving	150
20590	Crosnes cocidos	1 ración	1 serving	150
20171	Lechuga romana	1 plato	1 plate	80
20021	Calabacín cocido	1 ración	1 serving	150
20230	Calabacín congelado	1 ración	1 serving	150
20313	Calabacín al horno	1 ración	1 serving	150
20264	Puré de calabacín	1 ración	1 serving	150
20210	Pepino sin piel	1 ración	1 serving	150
20012	Escarola rizada	1 plato	1 plate	80
20219	Col rizada (kale) cocida	1 ración	1 serving	150
20218	Col rizada (kale) cruda	1 ración	1 serving	150
20038	Diente de león	1 plato	1 plate	80
20051	Menestra de verduras en conserva	1 ración	1 serving	150
20002	Berenjena cocida	1 ración	1 serving	150
20300	Berenjena al horno	1 ración	1 serving	150
20053	Berenjena cruda	1 ración	1 serving	150
20090	Escarola	1 plato	1 plate	80
20118	Hinojo cocido	1 ración	1 serving	150
20317	Hinojo estofado	1 ración	1 serving	150
20028	Hinojo crudo	1 ración	1 serving	150
20161	Champiñón silvestre	1 ración	1 serving	100
20269	Judía verde plana cruda	1 ración	1 serving	150
20062	Judías verdes en conserva	1 ración	1 serving	150
20030	Judías verdes cocinadas	1 ración	1 serving	150
20071	Judías verdes congeladas, cocidas	1 ración	1 serving	150
20070	Judías verdes congeladas	1 ración	1 serving	150
20257	Puré de judías verdes	1 ración	1 serving	150
20061	Judías verdes crudas	1 ración	1 serving	150
20199	Berro de jardín	1 plato	1 plate	80
20093	Guisantes con zanahoria en conserva	1 ración	1 serving	150
20215	Guisantes con zanahoria congelados, cocidos	1 ración	1 serving	150
20214	Guisantes con zanahoria congelados	1 ración	1 serving	150
20036	Guisantes en conserva	1 ración	1 serving	150
20037	Guisantes cocinados	1 ración	1 serving	150
20124	Guisantes congelados, cocidos	1 ración	1 serving	150
20084	Guisantes congelados	1 ración	1 serving	150
20072	Guisantes crudos	1 ración	1 serving	150
20283	Salicornia	1 ración	1 serving	150
20311	Col verde cocida	1 ración	1 serving	150
20015	Col verde cocinada	1 ración	1 serving	150
20069	Col verde cruda	1 ración	1 serving	150
20163	Endibia verde	1 plato	1 plate	80
20284	Puré de guisantes	1 ración	1 serving	150
25604	Ensalada verde sin aliñar	1 plato	1 plate	80
20200	Lechuga iceberg	1 plato	1 plate	80
20094	Colinabo cocido	1 ración	1 serving	150
20099	Canónigos	1 plato	1 plate	80
20327	Puerro cocido	1 ración	1 serving	150
20040	Puerro cocinado	1 ración	1 serving	150
20236	Puerro congelado	1 ración	1 serving	150
20039	Puerro crudo	1 ración	1 serving	150
20135	Puerro pochado	1 ración	1 serving	150
20295	Lechuga hoja de roble	1 plato	1 plate	80
20031	Lechuga (hoja)	1 plato	1 plate	80
20288	Cogollos (lechuga trocadero)	1 plato	1 plate	80
20126	Judía de Lima cruda	1 ración	1 serving	150
20272	Mezclum (brotes tiernos)	1 plato	1 plate	80
20271	Verduras en dados congeladas	1 ración	1 serving	150
20497	Verduras para cuscús, cocidas	1 ración	1 serving	150
20496	Verduras para cuscús congeladas	1 ración	1 serving	150
20266	Verduras para pisto congeladas	1 ración	1 serving	150
20263	Verduras para sopa congeladas	1 ración	1 serving	150
20101	Verduras variadas congeladas	1 ración	1 serving	150
20105	Colmenillas (crudas)	1 ración	1 serving	100
20029	Brotes de soja en conserva	1 ración	1 serving	150
20183	Brotes de soja	1 ración	1 serving	150
20011	Setas en conserva	1 ración	1 serving	100
20010	Setas (crudas)	1 ración	1 serving	100
20158	Espinaca de Nueva Zelanda cocida	1 ración	1 serving	150
58103	Okra cocida	1 ración	1 serving	150
20035	Cebolla cocida	1 ración	1 serving	150
20180	Cebolla deshidratada	1 cucharadita	1 tsp	5
20235	Cebolla congelada	1 ración	1 serving	150
20034	Cebolla cruda	1 ración	1 serving	150
20324	Cebolla morada salteada sin aceite	1 ración	1 serving	150
20114	Setas de cardo (gírgolas)	1 ración	1 serving	100
20018	Palmitos en conserva	1 ración	1 serving	150
20325	Chirivía estofada	1 ración	1 serving	150
20133	Chirivía cocida	1 ración	1 serving	150
20181	Chirivía cruda	1 ración	1 serving	150
20330	Pimiento verde salteado sin aceite	1 ración	1 serving	150
20329	Pimiento rojo salteado sin aceite	1 ración	1 serving	150
20328	Pimiento amarillo salteado sin aceite	1 ración	1 serving	150
53100	Plátano macho crudo	1 ración	1 serving	150
20292	Calabaza moscada cocida	1 ración	1 serving	150
20128	Calabaza moscada cruda	1 ración	1 serving	150
20043	Calabaza en conserva	1 ración	1 serving	150
20096	Calabaza cocida	1 ración	1 serving	150
20166	Calabaza (pulpa)	1 ración	1 serving	150
20044	Calabaza cruda	1 ración	1 serving	150
20332	Calabaza al horno	1 ración	1 serving	150
20089	Rábano negro	1 ración	1 serving	150
20045	Rábanos	1 ración	1 serving	150
20095	Lombarda cocida	1 ración	1 serving	150
20310	Lombarda estofada	1 ración	1 serving	150
20014	Lombarda cruda	1 ración	1 serving	150
20162	Endibia roja	1 plato	1 plate	80
20331	Calabaza potimarrón cocida	1 ración	1 serving	150
20291	Calabaza potimarrón estofada	1 ración	1 serving	150
20132	Calabaza potimarrón cruda	1 ración	1 serving	150
20238	Cebolla morada	1 ración	1 serving	150
20217	Rúcula	1 plato	1 plate	80
20290	Romanesco cocido	1 ración	1 serving	150
20280	Romanesco crudo	1 ración	1 serving	150
20165	Nabo sueco cocido	1 ración	1 serving	150
20201	Nabo sueco crudo	1 ración	1 serving	150
20197	Salsifí negro crudo	1 ración	1 serving	150
20333	Salsifí cocido	1 ración	1 serving	150
20081	Salsifí en conserva	1 ración	1 serving	150
20046	Salsifí cocinado	1 ración	1 serving	150
20237	Salsifí congelado	1 ración	1 serving	150
20255	Chalota cocida	1 ración	1 serving	20
20335	Chalota a la plancha	1 ración	1 serving	20
20097	Chalota cruda	1 ración	1 serving	20
20212	Shiitake cocido	1 ración	1 serving	100
20211	Shiitake seco	1 ración	1 serving	100
20216	Tirabeques cocidos	1 ración	1 serving	150
20243	Tirabeques cocinados	1 ración	1 serving	150
20173	Tirabeques crudos	1 ración	1 serving	150
20111	Acedera	1 plato	1 plate	80
20336	Espinacas cocidas	1 ración	1 serving	150
20060	Espinacas en conserva	1 ración	1 serving	150
20027	Espinacas cocinadas	1 ración	1 serving	150
20121	Espinacas congeladas, cocidas	1 ración	1 serving	150
20083	Espinacas congeladas	1 ración	1 serving	150
20285	Puré de espinacas	1 ración	1 serving	150
20059	Espinacas crudas	1 ración	1 serving	150
20323	Cebolleta salteada sin aceite	1 ración	1 serving	150
20267	Menestra de verduras congelada	1 ración	1 serving	150
20139	Calabaza (todas las variedades)	1 ración	1 serving	150
20138	Calabaza butternut cruda	1 ración	1 serving	150
20143	Calabaza espagueti cocida	1 ración	1 serving	150
20145	Calabaza espagueti cruda	1 ración	1 serving	150
20233	Maíz dulce congelado	1 ración	1 serving	150
20049	Mazorca de maíz cocida	1 ración	1 serving	150
20108	Mazorca de maíz congelada	1 ración	1 serving	150
20134	Calabaza hokkaido cruda	1 ración	1 serving	150
20086	Pimiento verde cocido	1 ración	1 serving	150
20085	Pimiento verde crudo	1 ración	1 serving	150
20041	Pimiento crudo	1 ración	1 serving	150
20275	Pimiento rojo asado en conserva (morrón)	1 ración	1 serving	150
20088	Pimiento rojo cocido	1 ración	1 serving	150
20168	Pimiento amarillo crudo	1 ración	1 serving	150
20832	Boniato al vapor	1 ración	1 serving	150
20005	Acelgas cocinadas	1 ración	1 serving	150
20301	Acelgas cocidas (hojas y pencas)	1 ración	1 serving	150
20004	Acelgas crudas	1 ración	1 serving	150
20265	Verduras en juliana congeladas	1 ración	1 serving	150
20260	Tomate triturado en conserva	1 ración	1 serving	150
20068	Tomate concentrado	1 cucharada	1 tbsp	15
20268	Tomate doble concentrado	1 cucharada	1 tbsp	15
20169	Tomate troceado en conserva	1 ración	1 serving	150
20170	Tomate natural triturado	1 ración	1 serving	150
20192	Tomate corazón de buey	1 ración	1 serving	150
20584	Tomate en rama	1 ración	1 serving	150
20172	Tomate cherry	8 tomatitos	8 cherry tomatoes	100
20189	Tomate seco	3 piezas	3 pieces	20
20256	Tomate seco en aceite	3 piezas	3 pieces	20
20119	Tomate verde	1 ración	1 serving	150
20048	Tomate pelado en conserva	1 ración	1 serving	150
20242	Tomate cocido	1 ración	1 serving	150
20334	Tomate al horno	1 ración	1 serving	150
20289	Tomate asado con piel	1 ración	1 serving	150
20276	Tomate redondo	1 ración	1 serving	150
20065	Colinabo crudo	1 ración	1 serving	150
20321	Nabo cocido	1 ración	1 serving	150
20033	Nabo cocinado	1 ración	1 serving	150
20234	Nabo congelado	1 ración	1 serving	150
20064	Nabo pelado crudo	1 ración	1 serving	150
20499	Verdura cocinada (media)	1 ración	1 serving	150
20258	Puré de verduras	1 ración	1 serving	150
20022	Berros	1 plato	1 plate	80
20308	Repollo blanco cocido	1 ración	1 serving	150
20116	Repollo blanco crudo	1 ración	1 serving	150
20239	Cebolla amarilla	1 ración	1 serving	150
39500	Helado o polo (media)	1 unidad	1 item	70
39519	Pera Bella Helena (pera con chocolate y helado)	1 ración	1 serving	120
39530	Sorbete en limón o naranja helada	1 ración	1 serving	120
39512	Copa de helado tipo sundae	1 ración	1 serving	120
39502	Tarta helada con merengue (tipo vacherin)	1 ración	1 serving	120
39516	Tarta de hojaldre helada para compartir	1 ración	1 serving	120
39532	Copa de helado de café o chocolate con nata	1 ración	1 serving	120
39534	Copa de helado con melocotón o pera	1 ración	1 serving	120
39533	Tronco helado (tipo comtessa)	1 ración	1 serving	120
39529	Turrón helado	1 ración	1 serving	120
39401	Melocotón Melba (con helado de vainilla)	1 ración	1 serving	120
23472	Profiteroles con helado y chocolate	1 ración	1 serving	120
39518	Tarta Alaska (helado con merengue)	1 ración	1 serving	120
39517	Yogur helado	2 bolas	2 scoops	100
39503	Bombón helado con chocolate (polo)	1 unidad	1 item	70
39527	Helado en tarrina (media)	2 bolas	2 scoops	100
31035	Helado con cobertura de chocolate	2 bolas	2 scoops	100
39509	Cucurucho de helado	1 unidad	1 item	70
39522	Minicucurucho de helado	1 unidad	1 item	70
39515	Helado de bloque (caja)	2 bolas	2 scoops	100
39531	Helado infantil en vasito	1 ración	1 serving	120
39523	Helado en vasito individual	1 ración	1 serving	120
39520	Helado premium (caja)	2 bolas	2 scoops	100
39521	Helado premium en vasito	1 ración	1 serving	120
39526	Polo de hielo	1 unidad	1 item	70
39528	Cucurucho de sorbete	1 unidad	1 item	70
39525	Sorbete en vasito	1 ración	1 serving	120
39524	Sorbete (caja)	2 bolas	2 scoops	100
31013	Polo de sorbete	1 unidad	1 item	70
6208	Ternera, aguja, a la plancha	1 ración	1 serving	150
6214	Ternera, aguja, asada	1 ración	1 serving	150
6101	Ternera estofada	1 ración	1 serving	150
6141	Carrillada de ternera guisada	1 ración	1 serving	150
6271	Ternera, espaldilla, guisada	1 ración	1 serving	150
6211	Ternera, falda, a la plancha	1 ración	1 serving	150
6259	Carne picada de ternera cocinada (media)	1 ración	1 serving	150
6205	Ternera, entraña, a la plancha	1 ración	1 serving	150
6151	Morcillo de ternera cocido	1 ración	1 serving	150
6253	Carne picada de ternera 10 % grasa, cocinada	1 ración	1 serving	150
6255	Carne picada de ternera 15 % grasa, cocinada	1 ración	1 serving	150
6257	Carne picada de ternera 20 % grasa, cocinada	1 ración	1 serving	150
6251	Carne picada de ternera 5 % grasa, cocinada	1 ración	1 serving	150
6241	Ternera, pescuezo, guisado	1 ración	1 serving	150
6310	Rabo de toro cocido	1 ración	1 serving	150
6100	Entrecot magro a la plancha	1 filete	1 steak	150
6210	Rosbif	1 ración	1 serving	150
6104	Ternera, redondo, cocinada	1 ración	1 serving	150
6207	Ternera, cadera, a la plancha	1 ración	1 serving	150
6123	Costilla de ternera guisada	1 ración	1 serving	150
6110	Solomillo de ternera a la plancha	1 filete	1 steak	150
6105	Solomillo de ternera asado	1 filete	1 steak	150
6230	Ternera para guisar, cocinada	1 ración	1 serving	150
6131	Ternera, falda fina, a la plancha	1 ración	1 serving	150
6161	Ternera, tapa, a la plancha	1 ración	1 serving	150
6162	Ternera, tapa, asada	1 ración	1 serving	150
40007	Sesos de ternera cocinados	1 ración	1 serving	120
40003	Sesos de cordero cocinados	1 ración	1 serving	120
40004	Sesos de cerdo guisados	1 ración	1 serving	120
6582	Cabeza de ternera cocida	1 ración	1 serving	120
36051	Capón asado con piel	1 ración	1 serving	150
36030	Muslo de pollo cocido sin piel	1 ración	1 serving	150
36006	Muslo de pollo asado sin piel	1 ración	1 serving	150
36032	Pechuga de pollo asada con piel	1 ración	1 serving	150
36041	Pechuga de pollo ecológico sin piel, cocinada	1 ración	1 serving	150
36031	Muslo de pollo cocido con piel	1 ración	1 serving	150
36005	Pollo asado con piel	1 ración	1 serving	150
36033	Alitas de pollo asadas	1 ración	1 serving	150
36205	Magret de pato a la sartén	1 filete	1 steak	150
36200	Pato asado con piel	1 ración	1 serving	150
36202	Pato asado sin piel	1 ración	1 serving	150
36603	Caza de pluma cocinada (media)	1 ración	1 serving	150
14008	Carne de caza cocinada (media)	1 ración	1 serving	150
36503	Oca asada con piel	1 ración	1 serving	150
36502	Oca asada sin piel	1 ración	1 serving	150
40053	Corazón de ternera cocinado	1 ración	1 serving	120
40056	Corazones de pollo cocinados	1 ración	1 serving	120
40059	Corazón de cordero cocinado	1 ración	1 serving	120
40057	Corazón de pavo cocinado	1 ración	1 serving	120
6902	Carne de caballo asada	1 ración	1 serving	150
6908	Entrecot de caballo a la plancha	1 filete	1 steak	150
6907	Solomillo de caballo a la plancha	1 filete	1 steak	150
6909	Solomillo de caballo asado	1 filete	1 steak	150
6906	Tapa de caballo a la plancha	1 ración	1 serving	150
6910	Tapa de caballo asada	1 ración	1 serving	150
40401	Riñones cocinados (media)	1 ración	1 serving	120
40403	Riñones de ternera cocinados	1 ración	1 serving	120
40406	Riñones de cordero guisados	1 ración	1 serving	120
40405	Riñones de cerdo cocinados	1 ración	1 serving	120
40408	Riñones de ternera salteados	1 ración	1 serving	120
21501	Chuleta de cordero a la plancha	1 filete	1 steak	150
21509	Lomo de cordero a la plancha	1 ración	1 serving	150
21522	Chuletas de cordero cocinadas (media)	1 filete	1 steak	150
21524	Chuletas de cordero a la parrilla (media)	1 filete	1 steak	150
21519	Pierna de cordero guisada	1 ración	1 serving	150
21518	Pierna de cordero a la plancha	1 ración	1 serving	150
21503	Pierna de cordero asada	1 ración	1 serving	150
21523	Cordero cocinado (media)	1 ración	1 serving	150
21508	Cuello de cordero guisado	1 ración	1 serving	150
21512	Chuletas de palo de cordero a la plancha	1 filete	1 steak	150
21520	Silla de cordero a la plancha	1 ración	1 serving	150
21513	Silla de cordero magra asada	1 ración	1 serving	150
21507	Paletilla de cordero magra asada	1 ración	1 serving	150
21506	Paletilla de cordero asada	1 ración	1 serving	150
40107	Hígado de ternera cocinado	1 ración	1 serving	120
40116	Hígado de pollo cocinado	1 ración	1 serving	120
40103	Hígado de cordero cocinado	1 ración	1 serving	120
40113	Hígado de cerdo cocinado	1 ración	1 serving	120
40109	Hígado de ave cocinado	1 ración	1 serving	120
40118	Hígado de pavo cocinado	1 ración	1 serving	120
40105	Hígado de vaca joven cocinado	1 ración	1 serving	120
6999	Carne cocinada (media)	1 ración	1 serving	150
40601	Casquería cocinada (media)	1 ración	1 serving	120
36801	Avestruz cocinado	1 ración	1 serving	150
36402	Faisán asado	1 ración	1 serving	150
36602	Pichón asado	1 ración	1 serving	150
28203	Solomillo de cerdo cocinado	1 filete	1 steak	150
28007	Lomo de cerdo cocinado	1 ración	1 serving	150
28009	Paleta de cerdo cruda	1 ración	1 serving	150
28202	Solomillo de cerdo asado	1 filete	1 steak	150
28461	Escalope de cerdo (de jamón) cocinado	1 filete	1 steak	150
28451	Lomo de cerdo asado	1 ración	1 serving	150
28205	Carne de cerdo cocinada (media)	1 ración	1 serving	150
28105	Costillar de cerdo cocinado	1 ración	1 serving	150
28301	Asado de cerdo	1 ración	1 serving	150
28103	Filete de cerdo (redondo) cocinado	1 filete	1 steak	150
28010	Paleta de cerdo cocinada	1 ración	1 serving	150
28401	Costillas de cerdo guisadas	1 ración	1 serving	150
36900	Ave cocinada (media)	1 ración	1 serving	150
40701	Mollejas de pato confitadas	1 ración	1 serving	120
36102	Codorniz cocinada	1 codorniz	1 quail	100
34000	Conejo guisado	1 ración	1 serving	150
34002	Conejo cocinado	1 ración	1 serving	150
34004	Conejo de monte cocinado	1 ración	1 serving	150
6585	Carne roja cocinada (media)	1 ración	1 serving	150
40305	Mollejas de ternera salteadas	1 ración	1 serving	120
40303	Mollejas de cordero cocinadas	1 ración	1 serving	120
40203	Lengua de ternera cocinada (vaca)	1 ración	1 serving	120
40201	Lengua de ternera cocinada	1 ración	1 serving	120
36308	Escalope de pavo asado	1 filete	1 steak	150
36302	Pavo asado	1 ración	1 serving	150
6531	Solomillo de ternera blanca asado	1 filete	1 steak	150
6511	Chuleta de ternera blanca a la plancha	1 filete	1 steak	150
6520	Escalope de ternera blanca cocinado	1 filete	1 steak	150
6581	Jarrete de ternera blanca guisado (osobuco)	1 ración	1 serving	150
6512	Lomo de ternera blanca salteado	1 ración	1 serving	150
6564	Ternera blanca cocinada (media)	1 ración	1 serving	150
6591	Cuello de ternera blanca guisado	1 ración	1 serving	150
6551	Asado de ternera blanca	1 ración	1 serving	150
6563	Paletilla de ternera blanca guisada	1 ración	1 serving	150
6562	Paletilla de ternera blanca a la plancha	1 ración	1 serving	150
6523	Solomillo de ternera blanca a la plancha	1 filete	1 steak	150
6524	Solomillo de ternera blanca asado (pieza)	1 filete	1 steak	150
14007	Ciervo asado	1 ración	1 serving	150
14000	Corzo asado	1 ración	1 serving	150
14003	Jabalí asado	1 ración	1 serving	150
21801	Cabrito cocinado	1 ración	1 serving	150
6584	Carne blanca cocinada (media)	1 ración	1 serving	150
28727	Bacon (lomo)	3 lonchas	3 slices	30
28811	Jamón curado ahumado (tipo Bayona)	3 lonchas	3 slices	30
8705	Morcilla salteada (media)	1 ración	1 serving	100
8703	Morcilla	1 ración	1 serving	100
8704	Morcilla a la plancha	1 ración	1 serving	100
28905	Jamón asado con hueso	1 ración	1 serving	100
28503	Bresaola (cecina italiana)	3 lonchas	3 slices	30
28963	Fiambre de pollo en lonchas	3 lonchas	3 slices	30
30005	Salchichas finas cocinadas (chipolata)	1 ración	1 serving	100
30115	Salchichas finas crudas	1 ración	1 serving	100
8500	Andouille (embutido de tripa)	1 ración	1 serving	100
8552	Andouillette cruda	1 ración	1 serving	100
8551	Andouillette a la plancha	1 ración	1 serving	100
30746	Salchichas cóctel	1 ración	1 serving	100
28925	Jamón cocido extra sin grasa ni corteza	3 lonchas	3 slices	30
28910	Jamón cocido estándar	3 lonchas	3 slices	30
28913	Jamón cocido sin grasa ni corteza	3 lonchas	3 slices	30
28912	Jamón cocido con corteza	3 lonchas	3 slices	30
28803	Jamón cocido ahumado	3 lonchas	3 slices	30
28907	Jamón cocido extra bajo en sal	3 lonchas	3 slices	30
28902	Jamón cocido extra sin corteza	3 lonchas	3 slices	30
28906	Jamón cocido extra sin grasa (tipo York)	3 lonchas	3 slices	30
28901	Jamón cocido extra con corteza	3 lonchas	3 slices	30
28911	Paleta cocida	3 lonchas	3 slices	30
28924	Paleta cocida sin grasa ni corteza	3 lonchas	3 slices	30
30701	Salchicha cocida de cerdo	1 ración	1 serving	100
28850	Coppa	3 lonchas	3 slices	30
28505	Corned beef (lata)	1 ración	1 serving	100
8211	Paté de campaña	1 ración	1 serving	30
8250	Paté de campaña con setas	1 ración	1 serving	30
28800	Jamón curado	3 lonchas	3 slices	30
28801	Jamón curado ahumado	3 lonchas	3 slices	30
28804	Jamón curado ahumado reducido en grasa	3 lonchas	3 slices	30
30900	Embutidos (media)	3 lonchas	3 slices	30
30300	Salchichón	1 ración	1 serving	100
30311	Salchichón con nueces o avellanas	1 ración	1 serving	100
30302	Salchichón de cerdo extra	1 ración	1 serving	100
30316	Chorizo picante	3 lonchas	3 slices	30
28812	Jamón curado de bodega	3 lonchas	3 slices	30
28802	Jamón serrano sin grasa ni corteza	3 lonchas	3 slices	30
8111	Magret de pato ahumado	1 ración	1 serving	100
8109	Confit de pato (muslo sin piel)	1 muslo	1 leg	150
8315	Mousse de pato	1 ración	1 serving	30
8232	Terrina de pato	1 ración	1 serving	30
8331	Foie gras (bloque)	1 ración	1 serving	30
8324	Foie gras de pato (30 % trozos)	1 ración	1 serving	30
8325	Foie gras de pato (50 % trozos)	1 ración	1 serving	30
8321	Foie gras de pato entero	1 ración	1 serving	30
8323	Foie gras de pato sin trozos	1 ración	1 serving	30
8328	Foie gras de pato crudo	1 ración	1 serving	30
30134	Salchichas de Frankfurt	1 ración	1 serving	100
8350	Galantina	1 ración	1 serving	30
8245	Paté de caza	1 ración	1 serving	30
30700	Salchicha al ajo	1 ración	1 serving	100
8326	Paté de foie de oca	1 ración	1 serving	30
28922	Taquitos de jamón cocido	1 ración	1 serving	50
30764	Salchicha de jamón	1 ración	1 serving	100
8395	Jamón en hojaldre	1 ración	1 serving	100
8400	Queso de cabeza (cabeza de jabalí)	1 ración	1 serving	100
28960	Codillo de jamón cocido	1 ración	1 serving	100
28504	Taquitos de bacon cocinados	1 ración	1 serving	50
28501	Taquitos de bacon (panceta)	1 ración	1 serving	50
30176	Salchicha de hígado	1 ración	1 serving	100
30155	Merguez cocinada (ternera y cordero)	1 ración	1 serving	100
30156	Merguez cruda (ternera y cordero)	1 ración	1 serving	100
30150	Merguez cruda	1 ración	1 serving	100
30789	Mortadela	3 lonchas	3 slices	30
30797	Mortadela con pistachos	3 lonchas	3 slices	30
30790	Mortadela de cerdo	3 lonchas	3 slices	30
8450	Morro de ternera	3 lonchas	3 slices	30
25610	Morro de ternera en vinagreta	3 lonchas	3 slices	30
28858	Panceta curada	3 lonchas	3 slices	30
28844	Jamón de Parma	3 lonchas	3 slices	30
8332	Paté (media)	1 ración	1 serving	30
1030	Fiambre vegetal (tipo jamón)	3 lonchas	3 slices	30
1031	Paté vegetal	1 ración	1 serving	30
20338	Salchicha vegetal de tofu	1 ración	1 serving	100
20337	Salchicha vegana de tofu	1 ración	1 serving	100
25232	Salchicha vegetal de seitán	1 ración	1 serving	100
30791	Mortadela de cerdo y ternera	3 lonchas	3 slices	30
28550	Panceta salada	1 ración	1 serving	100
28502	Panceta ahumada	3 lonchas	3 slices	30
28530	Oreja de cerdo salada	1 ración	1 serving	100
28700	Jamón fresco de cerdo (para asar)	1 ración	1 serving	100
8313	Mousse de hígado de cerdo	1 ración	1 serving	30
8312	Mousse de hígado de cerdo extra	1 ración	1 serving	30
8305	Paté de hígado de cerdo	1 ración	1 serving	30
8300	Paté de hígado de cerdo extra	1 ración	1 serving	30
8406	Morro de cerdo en vinagreta	3 lonchas	3 slices	30
28540	Manitas de cerdo saladas	1 ración	1 serving	100
28929	Taquitos de pechuga de pavo	1 ración	1 serving	50
8316	Paté de hígado de ave	1 ración	1 serving	30
30131	Salchichas de pollo o pavo	1 ración	1 serving	100
30130	Salchichas de ave tipo Frankfurt	1 ración	1 serving	100
28927	Carne picada de ave	3 lonchas	3 slices	30
8110	Confit de pato	1 muslo	1 leg	150
8391	Paté en hojaldre	1 ración	1 serving	30
8201	Paté a la pimienta verde	1 ración	1 serving	30
8240	Paté de conejo	1 ración	1 serving	30
8242	Terrina de conejo	1 ración	1 serving	30
8026	Rillettes de pato	1 ración	1 serving	30
8030	Rillettes de oca	1 ración	1 serving	30
8000	Rillettes de cerdo	1 ración	1 serving	30
8040	Rillettes de ave	1 ración	1 serving	30
8001	Rillettes de cerdo extra	1 ración	1 serving	30
30304	Salchichón (tipo rosette)	1 ración	1 serving	100
28917	Jamón cocido redondo	3 lonchas	3 slices	30
30350	Salami	3 lonchas	3 slices	30
30366	Salami danés	3 lonchas	3 slices	30
30352	Salami de cerdo y ternera	3 lonchas	3 slices	30
30351	Salami de cerdo	3 lonchas	3 slices	30
30780	Salchicha (media)	1 ración	1 serving	100
30707	Salchicha en brioche	1 ración	1 serving	100
30052	Carne de salchicha de cerdo y ternera	1 ración	1 serving	100
30051	Carne de salchicha de cerdo	1 ración	1 serving	100
30050	Carne de salchicha	1 ración	1 serving	100
30309	Longaniza seca	3 lonchas	3 slices	30
30730	Salchicha cervelat	1 ración	1 serving	100
28725	Taquitos de bacon ahumado cocinados	1 ración	1 serving	50
28720	Taquitos de bacon ahumado	1 ración	1 serving	50
30317	Chorizo picante en lonchas grandes	3 lonchas	3 slices	30
30315	Chorizo	3 lonchas	3 slices	30
30742	Salchichas de Estrasburgo	1 ración	1 serving	100
30011	Salchicha fresca de cerdo cocinada (tipo Toulouse)	1 ración	1 serving	100
30110	Salchicha fresca de cerdo cruda (tipo Toulouse)	1 ración	1 serving	100
28860	Cecina de vacuno	3 lonchas	3 slices	30
8800	Butifarra blanca a la plancha	1 ración	1 serving	100
22060	Huevo de pato	1 huevo	1 egg	60
22008	Clara de huevo cocida	1 clara	1 white	33
22004	Clara de huevo en polvo	1 cucharada	1 tbsp	10
22009	Yema de huevo cocida	1 yema	1 yolk	18
22003	Yema de huevo en polvo	1 cucharada	1 tbsp	10
22002	Yema de huevo cruda	1 yema	1 yolk	18
22505	Huevo a la plancha sin aceite	1 huevo	1 egg	60
22011	Huevo escalfado	1 huevo	1 egg	60
22013	Huevo en polvo	1 cucharada	1 tbsp	10
22014	Huevo pasado por agua	1 huevo	1 egg	60
22070	Huevo de oca	1 huevo	1 egg	150
22506	Tortilla francesa con queso	1 tortilla	1 omelette	120
22509	Tortilla francesa con hierbas	1 tortilla	1 omelette	120
22507	Tortilla francesa con bacon	1 tortilla	1 omelette	120
22508	Tortilla de champiñones	1 tortilla	1 omelette	120
22511	Tortilla con verduras, queso y jamón	1 tortilla	1 omelette	120
22050	Huevo de codorniz	5 huevos	5 eggs	50
22080	Huevo de pavo	1 huevo	1 egg	60
26179	Bonito del norte en aceite de oliva	1 lata	1 can	56
26077	Bonito del norte cocido al vapor	1 lata	1 can	56
26000	Filetes de anchoa en aceite	5 filetes	5 fillets	20
25999	Anchoas enrolladas con alcaparras	5 filetes	5 fillets	20
26177	Anchoas en salazón	5 filetes	5 fillets	20
26010	Arenque marinado (rollmops)	1 ración	1 serving	80
26005	Caviar	1 cucharada	1 tbsp	15
26142	Hígado de bacalao en conserva	1 ración	1 serving	30
26056	Huevas de bacalao ahumadas	1 cucharada	1 tbsp	15
26187	Boquerones en vinagre	1 ración	1 serving	80
26231	Sardinas sin espinas en aceite de oliva	1 lata	1 can	60
26034	Sardinas en aceite	1 lata	1 can	60
26035	Sardinas en tomate	1 lata	1 can	60
26002	Platija rebozada frita	1 ración	1 serving	150
8291	Terrina de pescado	1 ración	1 serving	30
26030	Pescado rebozado frito	1 ración	1 serving	150
26029	Pescado rebozado congelado (sin freír)	1 ración	1 serving	150
26028	Croquetas o nuggets de pescado fritos	1 ración	1 serving	150
10005	Cangrejo desmigado en conserva	1 lata	1 can	85
26016	Gallo rebozado frito	1 ración	1 serving	150
26004	Huevas de lumpo (sucedáneo de caviar)	1 cucharada	1 tbsp	15
26123	Caballa al natural	1 lata	1 can	85
26096	Filetes de caballa en salsa de mostaza	1 lata	1 can	85
26086	Filetes de caballa en tomate	1 lata	1 can	85
26097	Filetes de caballa al vino blanco	1 lata	1 can	85
25995	Filetes de caballa a la plancha en conserva	1 lata	1 can	85
26186	Caballa marinada	1 lata	1 can	85
10028	Mejillones al natural	1 lata	1 can	70
10081	Mejillones en escabeche	1 lata	1 can	70
26027	Sardinas en tomate (pilchard)	1 lata	1 can	60
8080	Paté de pescado	1 ración	1 serving	30
8059	Paté de cangrejo	1 ración	1 serving	30
8083	Paté de caballa	1 ración	1 serving	30
8081	Paté de salmón	1 ración	1 serving	30
8082	Paté de atún	1 ración	1 serving	30
25537	Carpaccio de salmón marinado	1 ración	1 serving	80
26275	Huevas de salmón	1 cucharada	1 tbsp	15
26119	Salmón en conserva	1 lata	1 can	85
10012	Langostinos rebozados fritos	1 ración	1 serving	150
8292	Terrina de marisco	1 ración	1 serving	30
10023	Buñuelos de gambas	1 ración	1 serving	150
10042	Caracoles con mantequilla de ajo y perejil	1 ración	1 serving	150
10002	Calamares a la romana	1 ración	1 serving	150
26239	Surimi relleno de queso	5 palitos	5 sticks	75
26046	Surimi (palitos de cangrejo)	5 palitos	5 sticks	75
8293	Taramasalata	1 cucharada	1 tbsp	15
26242	Atún desmigado en tomate	1 lata	1 can	56
26243	Atún en tomate o en escabeche	1 lata	1 can	56
26180	Atún en aceite de girasol	1 lata	1 can	56
26124	Pescadilla rebozada	1 ración	1 serving	150
26181	Atún claro al natural	1 lata	1 can	56
26152	Abadejo de Alaska ahumado	2 lonchas	2 slices	50
26081	Rape a la plancha	1 filete	1 fillet	150
26012	Arenque frito	1 filete	1 fillet	150
26014	Arenque a la plancha	1 filete	1 fillet	150
25998	Filetes de arenque ahumado	2 lonchas	2 slices	50
26232	Arenque ahumado en aceite	2 lonchas	2 slices	50
26013	Arenque ahumado	2 lonchas	2 slices	50
26222	Chopa al horno	1 filete	1 fillet	150
27004	Carpa al horno	1 filete	1 fillet	150
25997	Bacalao cocinado (media)	1 filete	1 fillet	150
26024	Bacalao desalado cocido	1 filete	1 fillet	150
26025	Bacalao al vapor	1 filete	1 fillet	150
26061	Lenguado cocido	1 filete	1 fillet	150
26062	Lenguado frito	1 filete	1 fillet	150
26248	Lenguado a la plancha	1 filete	1 fillet	150
26060	Lenguado al horno	1 filete	1 fillet	150
26059	Lenguado al vapor	1 filete	1 fillet	150
27001	Anguila cocida	1 filete	1 fillet	150
26999	Anguila cocinada (media)	1 filete	1 fillet	150
27000	Anguila al horno	1 filete	1 fillet	150
27030	Lubina al horno	1 filete	1 fillet	150
26120	Merluza en salsa	1 filete	1 fillet	150
27005	Perca al horno	1 filete	1 fillet	150
26136	Sardinas a la plancha	1 ración	1 serving	120
26003	Platija al vapor	1 filete	1 fillet	150
27031	Dorada al horno	1 filete	1 fillet	150
26247	Fletán negro al vapor	1 filete	1 fillet	150
26126	Eglefino a la plancha	1 filete	1 fillet	150
26090	Eglefino ahumado	2 lonchas	2 slices	50
26008	Eglefino al vapor	1 filete	1 fillet	150
26017	Gallo al vapor	1 filete	1 fillet	150
26234	Maruca cocinada	1 filete	1 fillet	150
26020	Caballa frita	1 filete	1 fillet	150
26019	Caballa al horno	1 filete	1 fillet	150
26087	Caballa ahumada	2 lonchas	2 slices	50
26026	Salmonete al horno	1 filete	1 fillet	150
27002	Lucio al horno	1 filete	1 fillet	150
26033	Pintarroja (cazón) cocinada	1 filete	1 fillet	150
27018	Panga cocinado	1 filete	1 fillet	150
26192	Abadejo cocinado	1 filete	1 fillet	150
27014	Trucha arcoíris al horno	1 filete	1 fillet	150
27015	Trucha arcoíris al vapor	1 filete	1 fillet	150
26073	Raya en caldo	1 filete	1 fillet	150
26031	Raya al horno	1 filete	1 fillet	150
26015	Carbonero cocinado	1 filete	1 fillet	150
26217	Salmón cocido	1 filete	1 fillet	150
25996	Salmón cocinado (media)	1 filete	1 fillet	150
26230	Salmón al horno	1 filete	1 fillet	150
26211	Salmón al microondas	1 filete	1 fillet	150
26038	Salmón al vapor	1 filete	1 fillet	150
26147	Pargo cocinado	1 filete	1 fillet	150
26148	Rascacio al vapor	1 filete	1 fillet	150
26093	Pez espada al horno	1 filete	1 fillet	150
27029	Trucha ahumada	2 lonchas	2 slices	50
27006	Trucha al horno	1 filete	1 fillet	150
27007	Trucha al vapor	1 filete	1 fillet	150
26041	Atún al horno	1 filete	1 fillet	150
26094	Rodaballo al horno	1 filete	1 fillet	150
26021	Pescadilla frita	1 filete	1 fillet	150
26022	Pescadilla al vapor	1 filete	1 fillet	150
26006	Abadejo de Alaska crudo	1 filete	1 fillet	150
26076	Bonito del norte crudo	1 filete	1 fillet	150
26208	Rape negro crudo	1 filete	1 fillet	150
26018	Rape crudo	1 filete	1 fillet	150
26171	Salvelino crudo	1 filete	1 fillet	150
26075	Lubina atlántica cruda	1 filete	1 fillet	150
26069	Atún rojo crudo	1 filete	1 fillet	150
26102	Estornino (caballa) crudo	1 filete	1 fillet	150
26009	Fletán crudo	1 filete	1 fillet	150
26011	Arenque crudo	1 filete	1 fillet	150
26240	Pejerrey (para freír)	1 ración	1 serving	120
26099	Chopa cruda	1 filete	1 fillet	150
26109	Besugo crudo	1 filete	1 fillet	150
26214	Merluza azul (hoki) cruda	1 filete	1 fillet	150
26194	Maruca azul cruda	1 filete	1 fillet	150
26241	Tintorera (filete) cruda	1 filete	1 fillet	150
26100	Boga cruda	1 filete	1 fillet	150
26101	Bonito crudo	1 filete	1 fillet	150
26107	Corvallo crudo	1 filete	1 fillet	150
26108	Capelán crudo	1 ración	1 serving	120
27003	Carpa de piscifactoría cruda	1 filete	1 fillet	150
26141	Hígado de bacalao crudo	1 ración	1 serving	30
26043	Bacalao fresco crudo	1 filete	1 fillet	150
26098	Bacalao salado seco	1 filete	1 fillet	150
26079	Boquerón crudo	1 ración	1 serving	120
26057	Limanda cruda	1 filete	1 fillet	150
26103	Dentón crudo	1 filete	1 fillet	150
26058	Lenguado crudo	1 filete	1 fillet	150
26127	Congrio crudo	1 filete	1 fillet	150
26157	Jurel dorado crudo	1 filete	1 fillet	150
27016	Anguila cruda	1 filete	1 fillet	150
26072	Lubina cruda	1 filete	1 fillet	150
26044	Merluza cruda (fresca)	1 filete	1 fillet	150
27010	Perca cruda	1 filete	1 fillet	150
26065	Sardina cruda	1 ración	1 serving	120
26055	Platija cruda	1 filete	1 fillet	150
26173	Espadín crudo	1 ración	1 serving	120
26175	Corégono crudo	1 filete	1 fillet	150
26170	Brema cruda	1 filete	1 fillet	150
26166	Aguja (pez) cruda	1 filete	1 fillet	150
26088	Dorada de piscifactoría cruda	1 filete	1 fillet	150
26080	Dorada salvaje cruda	1 filete	1 fillet	150
26210	Gallineta nórdica cruda	1 filete	1 fillet	150
26154	Fletán negro crudo	1 filete	1 fillet	150
26213	Granadero crudo	1 filete	1 fillet	150
26178	Mero crudo	1 filete	1 fillet	150
26122	Eglefino crudo	1 filete	1 fillet	150
26113	Jurel (chicharro) crudo	1 filete	1 fillet	150
26104	Pez de San Pedro crudo	1 filete	1 fillet	150
26153	Pez sable crudo	1 filete	1 fillet	150
26135	Gallo crudo	1 filete	1 fillet	150
26130	Maruca cruda	1 filete	1 fillet	150
26051	Caballa cruda	1 filete	1 fillet	150
26206	Lubina de piscifactoría cruda	1 filete	1 fillet	150
26205	Lubina salvaje cruda	1 filete	1 fillet	150
26084	Gallo del norte crudo	1 filete	1 fillet	150
26091	Salmonete crudo	1 filete	1 fillet	150
27025	Perca del Nilo cruda	1 filete	1 fillet	150
27011	Lucio crudo	1 filete	1 fillet	150
26074	Pintarroja (cazón) cruda	1 filete	1 fillet	150
27024	Lucioperca cruda	1 filete	1 fillet	150
26129	Abadejo crudo	1 filete	1 fillet	150
26133	Faneca cruda	1 filete	1 fillet	150
27009	Trucha arcoíris cruda	1 filete	1 fillet	150
26052	Raya cruda	1 filete	1 fillet	150
26106	Rubio (pez) crudo	1 filete	1 fillet	150
26128	Granadero de roca crudo	1 filete	1 fillet	150
26047	Carbonero congelado	1 filete	1 fillet	150
26134	Carbonero crudo	1 filete	1 fillet	150
26111	Salema cruda	1 filete	1 fillet	150
27021	Trucha asalmonada cruda	1 filete	1 fillet	150
26161	Salmón salvaje crudo	1 filete	1 fillet	150
26092	Trucha marina cruda	1 filete	1 fillet	150
26233	Merluza del Cabo cruda	1 filete	1 fillet	150
26162	Tiburón crudo	1 filete	1 fillet	150
26068	Listado (bonito) crudo	1 filete	1 fillet	150
26146	Pargo crudo	1 filete	1 fillet	150
26063	Rascacio crudo	1 filete	1 fillet	150
26172	Perro del norte (pez lobo)	1 filete	1 fillet	150
27012	Esturión crudo	1 filete	1 fillet	150
26244	Salmonete congelado (filete con piel)	1 filete	1 fillet	150
26085	Salmonete de roca crudo	1 filete	1 fillet	150
26110	Salmonete al vapor	1 filete	1 fillet	150
26082	Pez espada crudo	1 filete	1 fillet	150
27019	Tilapia cruda	1 filete	1 fillet	150
26200	Lenguado tropical crudo	1 filete	1 fillet	150
27008	Trucha de piscifactoría cruda	1 filete	1 fillet	150
26219	Bejel (rubio) crudo	1 filete	1 fillet	150
26174	Rodaballo crudo	1 filete	1 fillet	150
26201	Rodaballo de piscifactoría crudo	1 filete	1 fillet	150
26042	Rodaballo salvaje crudo	1 filete	1 fillet	150
26095	Pescadilla cruda	1 filete	1 fillet	150
26064	Atún claro (rabil) crudo	1 filete	1 fillet	150
25598	Seitán	1 ración	1 serving	100
25224	Hamburguesa vegetal de soja y trigo	1 hamburguesa	1 burger	120
25223	Hamburguesa vegana de soja y trigo	1 hamburguesa	1 burger	120
20591	Soja texturizada rehidratada	1 ración	1 serving	100
20912	Tofu ahumado	1 ración	1 serving	100
25505	Brocheta de ternera	1 brocheta	1 skewer	100
25163	Albóndigas de ternera cocinadas	1 ración	1 serving	150
6260	Hamburguesa de ternera 15 % grasa (cruda)	1 hamburguesa	1 burger	120
36035	Alitas de pollo marinadas asadas	1 ración	1 serving	150
36027	Nuggets de pollo	6 nuggets	6 nuggets	100
25541	Brocheta de cordero	1 brocheta	1 skewer	100
25194	Albóndigas de ternera y cordero (kefta) crudas	1 ración	1 serving	150
25186	Albóndigas de cerdo y ternera (suecas)	1 ración	1 serving	150
36318	Escalope a la milanesa (pavo o ternera)	1 filete	1 steak	150
25506	Brocheta de carne mixta	1 brocheta	1 skewer	100
25566	Brocheta de cerdo cruda	1 brocheta	1 skewer	100
25512	Nuggets de ave	6 nuggets	6 nuggets	100
25504	Brocheta de pollo	1 brocheta	1 skewer	100
36036	Escalope de pavo empanado	1 filete	1 steak	150
25089	Cordon bleu de ternera	1 filete	1 steak	150
25173	Escalope de ternera empanado	1 filete	1 steak	150
6202	Ternera, aguja, cruda	1 ración	1 serving	150
6140	Carrillada de ternera cruda	1 ración	1 serving	150
6003	Ternera, chuleta de aguja, cruda	1 filete	1 steak	150
6270	Ternera, espaldilla, cruda	1 ración	1 serving	150
6106	Ternera, contra, cruda	1 ración	1 serving	150
6212	Ternera, falda, cruda	1 ración	1 serving	150
6204	Ternera, entraña, cruda	1 ración	1 serving	150
6150	Morcillo de ternera crudo	1 ración	1 serving	150
6252	Carne picada de ternera 10 % grasa (cruda)	1 ración	1 serving	150
6256	Carne picada de ternera 20 % grasa (cruda)	1 ración	1 serving	150
6240	Ternera, pescuezo, crudo	1 ración	1 serving	150
6311	Rabo de toro crudo	1 ración	1 serving	150
6103	Entrecot crudo	1 filete	1 steak	150
6001	Chuletón crudo	1 ración	1 serving	150
6102	Ternera, redondo, crudo	1 ración	1 serving	150
6206	Ternera, cadera, cruda	1 ración	1 serving	150
6122	Costilla de ternera cruda	1 ración	1 serving	150
6002	Ternera, paleta, cruda	1 ración	1 serving	150
6111	Solomillo bajo (lomo) crudo	1 filete	1 steak	150
6201	Filete de ternera crudo	1 filete	1 steak	150
6231	Ternera para guisar, cruda	1 ración	1 serving	150
6116	Solomillo de ternera crudo	1 filete	1 steak	150
6130	Ternera, falda fina, cruda	1 ración	1 serving	150
6160	Ternera, tapa, cruda	1 ración	1 serving	150
40600	Sangre de vacuno	1 ración	1 serving	120
40006	Sesos de ternera crudos	1 ración	1 serving	120
40002	Sesos de cordero crudos	1 ración	1 serving	120
40005	Sesos de cerdo crudos	1 ración	1 serving	120
6580	Manitas de ternera crudas	1 ración	1 serving	120
36050	Capón con piel crudo	1 ración	1 serving	150
36019	Contramuslo de pollo crudo	1 ración	1 serving	150
36029	Pechuga de pollo con piel cruda	1 ración	1 serving	150
36040	Pechuga de pollo de corral sin piel, cruda	1 ración	1 serving	150
36039	Pechuga de pollo ecológico sin piel, cruda	1 ración	1 serving	150
36022	Jamoncito de pollo crudo	1 ración	1 serving	150
36020	Pollo entero limpio crudo	1 ración	1 serving	150
36008	Pollo de corral con piel crudo	1 ración	1 serving	150
36002	Muslo de pollo con piel crudo	1 ración	1 serving	150
36038	Muslo de pollo de corral con piel crudo	1 ración	1 serving	150
36037	Muslo de pollo ecológico con piel crudo	1 ración	1 serving	150
36024	Muslo de pollo sin piel crudo	1 ración	1 serving	150
36016	Pollo con piel crudo	1 ración	1 serving	150
36003	Pollo sin piel crudo	1 ración	1 serving	150
36014	Muslo de gallina crudo	1 ración	1 serving	150
36007	Pollo blanco con piel crudo	1 ración	1 serving	150
36023	Alitas de pollo crudas	1 ración	1 serving	150
36206	Magret de pato crudo	1 filete	1 steak	150
36203	Muslo de pato con piel crudo	1 ración	1 serving	150
36204	Pato con piel crudo	1 ración	1 serving	150
36201	Pato sin piel crudo	1 ración	1 serving	150
40700	Mollejas de pollo crudas	1 ración	1 serving	120
36501	Oca con piel cruda	1 ración	1 serving	150
36500	Oca sin piel cruda	1 ración	1 serving	150
36702	Pechuga de pintada cruda	1 ración	1 serving	150
36703	Muslo de pintada crudo	1 ración	1 serving	150
36700	Pintada cruda	1 ración	1 serving	150
14004	Liebre cruda	1 ración	1 serving	150
40052	Corazón de ternera crudo	1 ración	1 serving	120
40054	Corazones de pollo crudos	1 ración	1 serving	120
40058	Corazón de cordero crudo	1 ración	1 serving	120
40060	Corazón de cerdo crudo	1 ración	1 serving	120
40055	Corazón de pavo crudo	1 ración	1 serving	120
40062	Corazón de ternera blanca crudo	1 ración	1 serving	120
36000	Gallina con piel cruda	1 ración	1 serving	150
36001	Gallina sin piel cruda	1 ración	1 serving	150
6900	Carne de caballo cruda	1 ración	1 serving	150
6905	Entrecot de caballo crudo	1 filete	1 steak	150
6904	Solomillo de caballo crudo	1 filete	1 steak	150
6901	Filete de caballo crudo	1 filete	1 steak	150
6903	Tapa de caballo cruda	1 ración	1 serving	150
40402	Riñones de ternera crudos	1 ración	1 serving	120
40409	Riñones de ternera blanca crudos	1 ración	1 serving	120
40407	Riñones de cordero crudos	1 ración	1 serving	120
40404	Riñones de cerdo crudos	1 ración	1 serving	120
21525	Chuleta de cordero de aguja cruda	1 filete	1 steak	150
21516	Lomo de cordero crudo	1 ración	1 serving	150
21521	Chuletas de cordero crudas (media)	1 filete	1 steak	150
21500	Chuleta de cordero cruda	1 filete	1 steak	150
21502	Pierna de cordero cruda	1 ración	1 serving	150
21514	Cuello de cordero crudo	1 ración	1 serving	150
21517	Chuletas de palo de cordero crudas	1 filete	1 steak	150
21515	Silla de cordero cruda	1 ración	1 serving	150
21505	Paletilla de cordero magra cruda	1 ración	1 serving	150
21504	Paletilla de cordero cruda	1 ración	1 serving	150
40106	Hígado de ternera crudo	1 ración	1 serving	120
40111	Hígado de pollo crudo	1 ración	1 serving	120
40121	Hígado de pato crudo	1 ración	1 serving	120
40120	Hígado de oca crudo	1 ración	1 serving	120
40102	Hígado de cordero crudo	1 ración	1 serving	120
40119	Hígado de cerdo crudo	1 ración	1 serving	120
40108	Hígado de ave crudo	1 ración	1 serving	120
40110	Hígado de conejo crudo	1 ración	1 serving	120
40115	Hígado de pavo crudo	1 ración	1 serving	120
40104	Hígado de vaca joven crudo	1 ración	1 serving	120
21006	Pierna de oveja cruda	1 ración	1 serving	150
21001	Carne de oveja cruda	1 ración	1 serving	150
21003	Paletilla de oveja cruda	1 ración	1 serving	150
36800	Avestruz crudo	1 ración	1 serving	150
36403	Faisán con piel crudo	1 ración	1 serving	150
36401	Faisán sin piel crudo	1 ración	1 serving	150
36600	Pichón crudo	1 ración	1 serving	150
28204	Solomillo de cerdo crudo	1 filete	1 steak	150
28003	Lomo de cerdo crudo	1 ración	1 serving	150
28476	Recortes de cerdo 80/20 crudos	1 ración	1 serving	50
28475	Recortes de cerdo 90/10 crudos	1 ración	1 serving	50
28470	Tocino de lomo sin corteza	1 ración	1 serving	50
28479	Panceta sin falda cruda	1 ración	1 serving	50
28002	Panceta de cerdo cruda	1 ración	1 serving	50
28100	Chuleta de cerdo cruda	1 filete	1 steak	150
28460	Escalope de cerdo (de jamón) crudo	1 filete	1 steak	150
28471	Papada de cerdo cruda	1 ración	1 serving	50
28474	Maza de jamón magra cruda	1 ración	1 serving	150
28004	Codillo de cerdo crudo	1 ración	1 serving	150
28302	Cinta de lomo cruda	1 ración	1 serving	150
28104	Costillar de cerdo crudo	1 ración	1 serving	150
28300	Asado de cerdo crudo	1 ración	1 serving	150
28102	Filete de cerdo (redondo) crudo	1 filete	1 steak	150
28472	Paleta de cerdo baja magra cruda	1 ración	1 serving	150
28477	Paleta de cerdo alta magra cruda	1 ración	1 serving	150
28001	Paleta de cerdo cruda (con grasa)	1 ración	1 serving	150
28400	Costillas de cerdo crudas	1 ración	1 serving	150
28473	Pierna de cerdo magra cruda	1 ración	1 serving	150
28480	Secreto o presa de cerdo crudo	1 ración	1 serving	150
36100	Codorniz con piel cruda	1 codorniz	1 quail	100
36101	Codorniz sin piel cruda	1 codorniz	1 quail	100
34001	Conejo crudo	1 ración	1 serving	150
34003	Conejo de monte crudo	1 ración	1 serving	150
21004	Manitas de cordero crudas	1 ración	1 serving	120
21005	Cabeza de cordero cruda	1 ración	1 serving	120
40304	Mollejas de ternera crudas	1 ración	1 serving	120
40302	Mollejas de cordero crudas	1 ración	1 serving	120
40202	Lengua de vaca cruda	1 ración	1 serving	120
40204	Lengua de ternera cruda	1 ración	1 serving	120
40207	Lengua de cordero cruda	1 ración	1 serving	120
40205	Lengua de cerdo cruda	1 ración	1 serving	120
40502	Callos de ternera crudos	1 ración	1 serving	120
36304	Escalope de pavo crudo	1 filete	1 steak	150
36305	Muslo de pavo con piel crudo	1 ración	1 serving	150
36307	Muslo de pavo sin piel crudo	1 ración	1 serving	150
36300	Pavo con piel crudo	1 ración	1 serving	150
36301	Pavo sin piel crudo	1 ración	1 serving	150
36310	Alas de pavo crudas	1 ración	1 serving	150
6530	Solomillo de ternera blanca crudo (filete)	1 filete	1 steak	150
6540	Pecho de ternera blanca crudo	1 ración	1 serving	150
6510	Chuleta de ternera blanca cruda	1 filete	1 steak	150
6521	Escalope de ternera blanca crudo	1 filete	1 steak	150
6583	Jarrete de ternera blanca crudo	1 ración	1 serving	150
6513	Lomo de ternera blanca crudo	1 ración	1 serving	150
6536	Carne picada de ternera blanca 15 % grasa	1 ración	1 serving	150
6535	Carne picada de ternera blanca 20 % grasa	1 ración	1 serving	150
6590	Cuello de ternera blanca crudo	1 ración	1 serving	150
6550	Asado de ternera blanca crudo	1 ración	1 serving	150
6560	Paletilla de ternera blanca cruda	1 ración	1 serving	150
6522	Solomillo de ternera blanca crudo	1 filete	1 steak	150
14006	Ciervo crudo	1 ración	1 serving	150
14005	Corzo crudo	1 ración	1 serving	150
14002	Jabalí crudo	1 ración	1 serving	150
21800	Cabrito crudo	1 ración	1 serving	150
10027	Almejas cocidas	1 ración	1 serving	120
10025	Cangrejo cocido	1 ración	1 serving	120
10031	Cigalitas de río cocidas	1 ración	1 serving	120
10043	Marisco (media)	1 ración	1 serving	120
10009	Bogavante cocido	1 ración	1 serving	120
10013	Mejillones cocidos	1 ración	1 serving	120
10079	Pulpo cocido	1 ración	1 serving	120
10004	Vieiras con coral cocinadas	1 ración	1 serving	120
10080	Marisco congelado cocido (mezcla)	1 ración	1 serving	120
10006	Gambas cocidas	1 ración	1 serving	120
10099	Caracoles cocinados sin grasa	1 ración	1 serving	120
10022	Langosta cocida	1 ración	1 serving	120
10037	Calamar cocido	1 ración	1 serving	120
10084	Calamar frito o a la plancha con aceite	1 ración	1 serving	120
10020	Bocinas (buccinos) cocidas	1 ración	1 serving	120
10041	Oreja de mar (abulón)	1 ración	1 serving	120
10048	Vieira americana sin coral	1 ración	1 serving	120
10017	Almejas crudas	1 ración	1 serving	120
10039	Cangrejo crudo	1 ración	1 serving	120
10030	Cangrejo de río crudo	1 ración	1 serving	120
10016	Sepia cruda	1 ración	1 serving	120
10036	Ostra plana cruda	6 ostras	6 oysters	90
34500	Ancas de rana	1 ración	1 serving	120
10010	Bogavante crudo	1 ración	1 serving	120
10026	Mejillón mediterráneo crudo	1 ración	1 serving	120
10014	Mejillones crudos	1 ración	1 serving	120
10024	Cigalas crudas	1 ración	1 serving	120
10018	Pulpo crudo	1 ración	1 serving	120
10011	Ostras crudas	6 ostras	6 oysters	90
10035	Ostra rizada cruda	6 ostras	6 oysters	90
10049	Zamburiñas (vieira de Perú) sin coral	1 ración	1 serving	120
10003	Vieiras con coral crudas	1 ración	1 serving	120
10045	Vieiras sin coral crudas	1 ración	1 serving	120
10021	Gambas o langostinos crudos	1 ración	1 serving	120
10038	Gambas congeladas crudas	1 ración	1 serving	120
10008	Caracoles crudos	1 ración	1 serving	120
10015	Langosta cruda	1 ración	1 serving	120
10001	Calamar crudo	1 ración	1 serving	120
10019	Bocinas (buccinos) crudas	1 ración	1 serving	120
10059	Gamba rosada de profundidad cruda	1 ración	1 serving	120
12112	Queso Abondance	1 ración	1 serving	30
12761	Queso Asiago	1 ración	1 serving	30
12521	Queso azul de Auvernia	1 ración	1 serving	30
12105	Queso Beaufort	1 ración	1 serving	30
12520	Queso azul de vaca	1 ración	1 serving	30
12527	Queso azul de Bresse	1 ración	1 serving	30
12528	Queso azul de Bresse light	1 ración	1 serving	30
12020	Queso brie	1 ración	1 serving	30
12021	Queso brie de Meaux	1 ración	1 serving	30
12022	Queso brie de Melun	1 ración	1 serving	30
12001	Queso camembert	1 ración	1 serving	30
12006	Queso camembert de leche cruda	1 ración	1 serving	30
12722	Queso Cantal semicurado	1 ración	1 serving	30
12723	Queso Cantal o Salers	1 ración	1 serving	30
12523	Queso azul de Causses	1 ración	1 serving	30
12830	Queso de cabra Chabichou	1 ración	1 serving	30
12028	Queso Chaource	1 ración	1 serving	30
12726	Queso cheddar	1 ración	1 serving	30
12999	Queso (media)	1 ración	1 serving	30
12812	Rulo de queso de cabra	1 ración	1 serving	30
12813	Rulo de queso de cabra light	1 ración	1 serving	30
12815	Queso de cabra curado	1 ración	1 serving	30
12828	Requesón de oveja	2 cucharadas	2 tbsp	50
12803	Queso de cabra	1 ración	1 serving	30
12805	Queso fresco de cabra	1 ración	1 serving	30
12800	Queso fresco de cabra pasteurizado	1 ración	1 serving	30
12804	Queso fresco de cabra de leche cruda	1 ración	1 serving	30
12802	Queso de cabra pasteurizado	1 ración	1 serving	30
12801	Queso de cabra de leche cruda	1 ración	1 serving	30
12819	Queso de cabra para untar	1 cucharada	1 tbsp	20
12810	Queso de cabra semicurado	1 ración	1 serving	30
12110	Queso Comté	1 ración	1 serving	30
12010	Queso Coulommiers	1 ración	1 serving	30
12833	Queso de cabra crottin	1 ración	1 serving	30
12832	Queso de cabra crottin de leche cruda	1 ración	1 serving	30
12834	Queso Crottin de Chavignol	1 ración	1 serving	30
12118	Queso emmental rallado	1 puñado	1 handful	20
12066	Queso feta DOP	1 ración	1 serving	30
12061	Queso feta de oveja	1 ración	1 serving	30
12060	Queso tipo feta de vaca	1 ración	1 serving	30
12063	Queso tipo feta en aceite con especias	1 ración	1 serving	30
12720	Queso de bola con cera (tipo edam o babybel)	1 ración	1 serving	30
12705	Queso tipo Maasdam light	1 ración	1 serving	30
12741	Queso tipo Maasdam	1 ración	1 serving	30
12121	Queso fontina	1 ración	1 serving	30
12522	Queso Fourme d'Ambert	1 ración	1 serving	30
12526	Queso azul del Jura	1 ración	1 serving	30
12807	Queso de cabra de leche cruda (curado)	1 ración	1 serving	30
12524	Queso gorgonzola	1 ración	1 serving	30
12736	Queso gouda	1 ración	1 serving	30
12123	Queso Grana Padano	1 ración	1 serving	30
12113	Queso gruyère francés	1 ración	1 serving	30
12114	Queso gruyère	1 ración	1 serving	30
12100	Queso curado de pasta dura (media)	1 ración	1 serving	30
12116	Queso tipo emmental light	1 ración	1 serving	30
12040	Queso Langres	1 ración	1 serving	30
12037	Queso Livarot	1 ración	1 serving	30
12036	Queso Maroilles	1 ración	1 serving	30
19584	Mascarpone	2 cucharadas	2 tbsp	50
12742	Queso Mimolette extra viejo	1 ración	1 serving	30
12740	Queso Mimolette	1 ración	1 serving	30
12737	Queso Mimolette semiviejo	1 ración	1 serving	30
12738	Queso Mimolette viejo	1 ración	1 serving	30
12735	Queso Mimolette tierno	1 ración	1 serving	30
12743	Queso Morbier	1 ración	1 serving	30
19591	Mozzarella de búfala	1 bola	1 ball	125
12039	Queso Munster	1 ración	1 serving	30
12031	Queso Neufchâtel	1 ración	1 serving	30
12119	Queso Ossau-Iraty (de oveja)	1 ración	1 serving	30
1028	Queso vegano de anacardos	1 ración	1 serving	30
1029	Queso vegano sin soja	1 ración	1 serving	30
1027	Queso vegano para untar con soja	1 cucharada	1 tbsp	20
12042	Queso Pont-l'Évêque	1 ración	1 serving	30
12356	Snack de queso fundido con palitos (infantil)	1 unidad	1 pack	35
12355	Queso fundido con queso crema y nueces	1 cucharada	1 tbsp	20
12310	Quesitos (queso fundido en porciones)	2 quesitos	2 wedges	32
12320	Queso fundido doble crema	1 cucharada	1 tbsp	20
12300	Queso en lonchas fundido (tipo sándwich)	2 lonchas	2 slices	40
12716	Queso provolone	1 ración	1 serving	30
12747	Queso de oveja de los Pirineos	1 ración	1 serving	30
12749	Queso raclette	1 ración	1 serving	30
12045	Queso Reblochon	1 ración	1 serving	30
19585	Ricotta	2 cucharadas	2 tbsp	50
12847	Queso Rocamadour (cabra)	1 ración	1 serving	30
12500	Queso roquefort	1 ración	1 serving	30
12049	Queso Saint-Marcellin	1 ración	1 serving	30
12752	Queso Saint-Nectaire	1 ración	1 serving	30
12755	Queso Saint-Paulin (semicurado)	1 ración	1 serving	30
12842	Queso Sainte-Maure (cabra)	1 ración	1 serving	30
12725	Queso Salers	1 ración	1 serving	30
12827	Queso de oveja semicurado (tipo manchego)	1 ración	1 serving	30
12050	Queso blando de corteza lavada y florida	1 ración	1 serving	30
12824	Queso de oveja tipo camembert	1 ración	1 serving	30
12003	Queso blando tipo camembert	1 ración	1 serving	30
12820	Queso de cabra tipo camembert	1 ración	1 serving	30
12008	Queso blando doble crema	1 cucharada	1 tbsp	20
12814	Queso de cabra blando pasteurizado	1 ración	1 serving	30
12033	Queso blando triple crema	1 cucharada	1 tbsp	20
12034	Queso blando de corteza lavada (media)	1 ración	1 serving	30
12009	Queso tipo camembert light	1 ración	1 serving	30
12012	Queso tipo Coulommiers light	1 ración	1 serving	30
12013	Queso tipo camembert extra light	1 ración	1 serving	30
12047	Queso blando de corteza lavada pasteurizado	1 ración	1 serving	30
12035	Queso blando de corteza lavada light	1 ración	1 serving	30
12763	Queso Tomme de Bauges	1 ración	1 serving	30
12758	Queso tomme de vaca	1 ración	1 serving	30
12759	Queso tomme de Saboya	1 ración	1 serving	30
12760	Queso tomme light	1 ración	1 serving	30
12340	Queso crema para untar (20 %)	1 cucharada	1 tbsp	20
12315	Queso crema para untar (25 %, tipo Philadelphia)	1 cucharada	1 tbsp	20
19530	Queso crema para untar con ajo y hierbas	1 cucharada	1 tbsp	20
12051	Queso Vacherin (Mont d'Or)	1 ración	1 serving	30
12038	Queso Époisses	1 ración	1 serving	30
19436	Nata líquida para cocinar (15-20 %)	2 cucharadas	2 tbsp	30
19402	Nata (media)	2 cucharadas	2 tbsp	30
19415	Nata líquida para montar (30 %)	2 cucharadas	2 tbsp	30
19430	Nata líquida light (15-20 %)	2 cucharadas	2 tbsp	30
19410	Nata espesa (30 %)	2 cucharadas	2 tbsp	30
19431	Nata espesa light (15-20 %)	2 cucharadas	2 tbsp	30
19420	Nata montada en spray	2 cucharadas	2 tbsp	20
19433	Nata extra light (4-8 %)	2 cucharadas	2 tbsp	30
39213	Crema catalana o crème brûlée	1 unidad	1 pot	125
19689	Tarta de queso	1 porción	1 slice	100
19852	Mousse de castañas	1 tarrina	1 pot	60
39234	Coulant de chocolate	1 porción	1 slice	100
39206	Mousse de chocolate	1 tarrina	1 pot	60
39209	Flan de huevo con caramelo	1 flan	1 pot	100
39211	Crema de huevo en tarrina (chocolate o vainilla)	1 unidad	1 pot	125
39505	Natillas en lata (media)	1 unidad	1 pot	125
39247	Natillas de caramelo	1 unidad	1 pot	125
39506	Natillas de chocolate en lata	1 unidad	1 pot	125
39200	Natillas de chocolate	1 unidad	1 pot	125
39246	Natillas de café	1 unidad	1 pot	125
19673	Natillas light	1 unidad	1 pot	125
39230	Natillas (media)	1 unidad	1 pot	125
39511	Natillas o crema (media)	1 unidad	1 pot	125
39214	Natillas de vainilla en lata	1 unidad	1 pot	125
39229	Natillas de vainilla	1 unidad	1 pot	125
19681	Natillas con nata (tipo Danet con nata)	1 unidad	1 pot	125
19508	Yogur líquido con sabor, azucarado	1 botellita	1 small bottle	100
19538	Yogur líquido azucarado con L. casei (tipo Actimel)	1 botellita	1 small bottle	100
19535	Yogur líquido de frutas, azucarado	1 botellita	1 small bottle	100
39233	Fondant de chocolate con crema inglesa	1 porción	1 slice	100
19641	Queso fresco batido escurrido (6 %)	1 vaso	1 glass	200
19638	Queso fresco batido con salsa de frutas	1 vaso	1 glass	200
39400	Ponche de huevo sin alcohol	1 vaso	1 glass	200
19801	Leche fermentada desnatada (para beber)	1 botellita	1 small bottle	100
19805	Leche fermentada entera (para beber)	1 botellita	1 small bottle	100
19539	Yogur bífidus con sabor, azucarado	1 unidad	1 pot	125
19546	Yogur bífidus natural	1 unidad	1 pot	125
19542	Yogur bífidus con frutas, azucarado	1 unidad	1 pot	125
19548	Yogur bífidus sobre lecho de frutas	1 unidad	1 pot	125
19544	Yogur bífidus natural 0 %	1 unidad	1 pot	125
19541	Yogur bífidus 0 % con frutas y edulcorante	1 unidad	1 pot	125
19543	Yogur 0 % con frutas y esteroles vegetales	1 unidad	1 pot	125
19674	Flan de huevo	1 flan	1 pot	100
39215	Isla flotante	1 porción	1 slice	100
39236	Torrija	1 porción	1 slice	100
19643	Queso fresco con nata sobre lecho de frutas	1 unidad	1 pot	125
19665	Mousse de queso fresco 0 % con frutas	1 tarrina	1 pot	60
19650	Queso fresco batido con nata (10 %)	1 vaso	1 glass	200
19651	Queso fresco batido con sabor, azucarado, 0 %	1 vaso	1 glass	200
19652	Queso fresco batido con sabor, azucarado (3 %)	1 vaso	1 glass	200
19653	Queso fresco batido bífidus con sabor (3 %)	1 vaso	1 glass	200
19654	Queso fresco batido con virutas de chocolate	1 vaso	1 glass	200
19656	Queso fresco batido con frutas, 0 %	1 vaso	1 glass	200
19657	Queso fresco batido con frutas (3 %)	1 vaso	1 glass	200
19658	Queso fresco batido bífidus con frutas (3 %)	1 vaso	1 glass	200
19655	Queso fresco batido con frutas, bajo en azúcar, 0 %	1 vaso	1 glass	200
19668	Queso fresco batido con frutas, bajo en azúcar (3 %)	1 vaso	1 glass	200
19645	Queso fresco batido natural 0 %, con vitamina D	1 vaso	1 glass	200
19648	Queso fresco batido natural (3 %), con vitamina D	1 vaso	1 glass	200
19647	Queso fresco batido natural bífidus (3 %)	1 vaso	1 glass	200
19646	Queso fresco batido natural (3 %)	1 vaso	1 glass	200
19649	Queso fresco batido cremoso (8 %)	1 vaso	1 glass	200
19644	Queso fresco batido natural 0 %	1 vaso	1 glass	200
19659	Queso fresco batido cremoso con frutas	1 vaso	1 glass	200
39220	Copa de frutas con nata	1 unidad	1 pot	125
39228	Mousse de frutas	1 tarrina	1 pot	60
39216	Clafoutis de frutas	1 porción	1 slice	100
19865	Kéfir	1 vaso	1 glass	200
19534	Yogur líquido con sabor, con vitamina D	1 botellita	1 small bottle	100
19500	Yogur líquido 0 % con sabor y L. casei	1 botellita	1 small bottle	100
19516	Yogur líquido con sabor y L. casei	1 botellita	1 small bottle	100
19536	Yogur líquido de frutas, con vitamina D	1 botellita	1 small bottle	100
19679	Flan de leche con caramelo	1 flan	1 pot	100
19683	Flan de leche light	1 flan	1 pot	100
19680	Flan de leche (tipo Flanby)	1 flan	1 pot	100
39001	Batido de leche (de cadena de comida rápida)	1 vaso	1 glass	200
39235	Mousse con nata (chocolate, café, caramelo o vainilla)	1 tarrina	1 pot	60
39248	Mousse de chocolate vegetal	1 tarrina	1 pot	60
39210	Mousse de chocolate envasada	1 tarrina	1 pot	60
19685	Panna cotta	1 unidad	1 pot	125
39710	Crema pastelera	1 porción	1 slice	100
19666	Petit suisse natural (9 %)	1 petit suisse	1 pot	60
19572	Petit suisse con sabor	1 petit suisse	1 pot	60
19667	Petit suisse de frutas con calcio y vitamina D (tipo Danonino)	1 petit suisse	1 pot	60
19664	Petit suisse natural (4 %)	1 petit suisse	1 pot	60
19663	Petit suisse natural 0 %	1 petit suisse	1 pot	60
19661	Petit suisse de frutas	1 petit suisse	1 pot	60
19662	Petit suisse de frutas con calcio y vitamina D	1 petit suisse	1 pot	60
20922	Postre vegetal con sabor (almendra, avena, coco, arroz)	1 unidad	1 pot	125
20923	Postre vegetal de frutas con calcio (coco, arroz)	1 unidad	1 pot	125
23474	Profiteroles con crema y chocolate	1 porción	1 slice	100
19501	Quark natural o de frutas (media)	1 tarrina	1 pot	100
19678	Cuajada con sabor	1 unidad	1 pot	125
23536	Arroz con leche con caramelo	1 unidad	1 pot	125
39232	Pastel de arroz con leche	1 porción	1 slice	100
39212	Arroz con leche	1 unidad	1 pot	125
23535	Sémola con leche en lata	1 unidad	1 pot	125
39218	Sémola con leche	1 unidad	1 pot	125
23534	Sémola con leche, pasas y caramelo	1 unidad	1 pot	125
20911	Postre de soja con sabor, con calcio	1 unidad	1 pot	125
20921	Postre de soja con sabor	1 unidad	1 pot	125
19694	Postre de soja natural con calcio (yogur de soja)	1 unidad	1 pot	125
19693	Postre de soja natural (yogur de soja)	1 unidad	1 pot	125
19696	Postre de soja con almendras	1 unidad	1 pot	125
19692	Postre de soja con frutas y calcio	1 unidad	1 pot	125
19695	Postre de soja con frutas	1 unidad	1 pot	125
19698	Tiramisú	1 porción	1 slice	100
19628	Yogur de frutas (media)	1 unidad	1 pot	125
19669	Yogur alto en proteínas sobre lecho de frutas	1 unidad	1 pot	125
19600	Yogur natural (media)	1 unidad	1 pot	125
19624	Yogur natural o de frutas (media)	1 unidad	1 pot	125
19550	Yogur griego de oveja	1 unidad	1 pot	125
19862	Yogur griego con sabor	1 unidad	1 pot	125
19552	Yogur griego sobre lecho de frutas	1 unidad	1 pot	125
19553	Yogur de oveja con sabor, azucarado	1 unidad	1 pot	125
19554	Yogur de oveja natural (3 %)	1 unidad	1 pot	125
19882	Yogur de oveja natural entero	1 unidad	1 pot	125
19577	Yogur cremoso con sabor, azucarado	1 unidad	1 pot	125
19575	Yogur con sabor, azucarado	1 unidad	1 pot	125
19578	Yogur con sabor, azucarado, con vitamina D	1 unidad	1 pot	125
19559	Yogur 0 % con sabor y edulcorante	1 unidad	1 pot	125
19557	Yogur sobre lecho de frutas, azucarado	1 unidad	1 pot	125
19596	Yogur natural 0 %, con vitamina D	1 unidad	1 pot	125
19597	Yogur natural azucarado 0 %, con vitamina D	1 unidad	1 pot	125
19598	Yogur natural cremoso	1 unidad	1 pot	125
19599	Yogur natural azucarado	1 unidad	1 pot	125
19579	Yogur con cereales	1 unidad	1 pot	125
19682	Yogur de frutas o con sabor (media)	1 unidad	1 pot	125
19671	Yogur 0 % de frutas o con sabor (media)	1 unidad	1 pot	125
19672	Yogur entero de frutas o con sabor (media)	1 unidad	1 pot	125
19676	Yogur azucarado de frutas o con sabor (media)	1 unidad	1 pot	125
19677	Yogur entero azucarado de frutas o con sabor (media)	1 unidad	1 pot	125
19675	Yogur con edulcorante de frutas o con sabor (media)	1 unidad	1 pot	125
19587	Yogur de frutas azucarado	1 unidad	1 pot	125
19589	Yogur cremoso de frutas azucarado	1 unidad	1 pot	125
19558	Yogur 0 % con cereales	1 unidad	1 pot	125
19580	Yogur cremoso con virutas de chocolate (tipo stracciatella)	1 unidad	1 pot	125
19592	Yogur de frutas azucarado, con vitamina D	1 unidad	1 pot	125
19581	Yogur 0 % de frutas con edulcorante	1 unidad	1 pot	125
19582	Yogur 0 % de frutas con edulcorante y vitamina D	1 unidad	1 pot	125
19556	Yogur de cabra natural	1 unidad	1 pot	125
19027	Leche condensada azucarada	1 cucharada	1 tbsp	20
19026	Leche evaporada	2 cucharadas	2 tbsp	30
19201	Leche de cabra semidesnatada	1 vaso	1 glass	250
19200	Leche de cabra entera	1 vaso	1 glass	250
19202	Leche de cabra cruda	1 vaso	1 glass	250
19225	Leche de yegua	1 vaso	1 glass	250
19037	Leche semidesnatada (1,2 %) con vitamina D	1 vaso	1 glass	250
19038	Leche semidesnatada (1,2 %) con vitaminas	1 vaso	1 glass	250
19039	Leche UHT (media)	1 vaso	1 glass	250
19044	Leche en polvo semidesnatada	2 cucharadas	2 tbsp	15
19054	Leche en polvo desnatada	2 cucharadas	2 tbsp	15
19021	Leche en polvo entera	2 cucharadas	2 tbsp	15
19042	Leche semidesnatada fresca	1 vaso	1 glass	250
19060	Leche semidesnatada sin lactosa	1 vaso	1 glass	250
19051	Leche desnatada fresca	1 vaso	1 glass	250
19024	Leche entera fresca	1 vaso	1 glass	250
19250	Leche de oveja	1 vaso	1 glass	250
11040	Alcaparras en vinagre	1 cucharada	1 tbsp	15
11097	Pepinillos agridulces	1 ración	1 serving	30
11004	Pepinillos en vinagre	1 ración	1 serving	30
11013	Mostaza	1 cucharadita	1 tsp	10
11021	Mostaza en grano (antigua)	1 cucharadita	1 tsp	10
13147	Aceitunas rellenas (de anchoa, pimiento…)	10 aceitunas	10 olives	30
13186	Aceitunas negras (media)	10 aceitunas	10 olives	30
13032	Aceitunas negras en salmuera	10 aceitunas	10 olives	30
13131	Aceitunas negras en aceite (griegas)	10 aceitunas	10 olives	30
13033	Aceitunas verdes	10 aceitunas	10 olives	30
11055	Cebollitas en vinagre	1 ración	1 serving	30
11043	Tapenade (paté de aceitunas)	10 aceitunas	10 olives	30
11018	Vinagre	1 cucharada	1 tbsp	15
11220	Vinagre de vino tinto	1 cucharada	1 tbsp	15
11091	Vinagre balsámico	1 cucharada	1 tbsp	15
11090	Vinagre de manzana	1 cucharada	1 tbsp	15
11172	Pastilla de caldo de pescado	1 pastilla	1 cube	10
11001	Pastilla de caldo de carne	1 pastilla	1 cube	10
25971	Caldo deshidratado de carne y verduras desgrasado	1 pastilla	1 cube	10
25918	Caldo deshidratado de carne y verduras (pastilla)	1 pastilla	1 cube	10
25970	Caldo deshidratado de carne y verduras con grasa	1 pastilla	1 cube	10
11174	Pastilla de caldo de pollo	1 pastilla	1 cube	10
11171	Fondo de ave deshidratado	1 pastilla	1 cube	10
25525	Salsa para cobertura de pizza	1 ración	1 serving	50
11169	Fondo de ternera deshidratado	1 pastilla	1 cube	10
11304	Fondo de ternera	1 ración	1 serving	50
11010	Levadura fresca de panadería	1 cucharadita	1 tsp	5
11045	Levadura seca de panadería	1 cucharadita	1 tsp	5
11046	Levadura química (impulsor)	1 cucharadita	1 tsp	5
9647	Salvado (media)	1 cucharada	1 tbsp	15
11007	Gelatina en polvo (neutra)	1 cucharadita	1 tsp	5
9641	Salvado de maíz	1 cucharada	1 tbsp	15
20916	Miso	1 cucharada	1 tbsp	15
11009	Levadura nutricional	1 cucharadita	1 tsp	5
9640	Salvado de avena	1 cucharada	1 tbsp	15
31111	Polen fresco	1 cucharadita	1 tsp	5
31109	Polen seco	1 cucharadita	1 tsp	5
9643	Salvado de arroz	1 cucharada	1 tbsp	15
31108	Jalea real	1 cucharadita	1 tsp	5
11214	Nata vegetal de soja para cocinar	3 cucharadas	3 tbsp	45
42200	Lecitina de soja	1 cucharadita	1 tsp	5
20906	Tofu sedoso	1 ración	1 serving	100
37002	Salsa de tomate para pizza	2 cucharadas	2 tbsp	40
9621	Salvado de trigo	1 cucharada	1 tbsp	15
9660	Germen de trigo	1 cucharada	1 tbsp	15
37000	Salsa de nata para pizza	3 cucharadas	3 tbsp	45
11168	Alioli	1 cucharada	1 tbsp	15
11167	Salsa americana	1 cucharada	1 tbsp	15
25624	Caviar de berenjena (paté de berenjena)	2 cucharadas	2 tbsp	30
11100	Salsa barbacoa	1 cucharada	1 tbsp	15
11170	Salsa de tomate con pimientos (tipo vizcaína)	1 ración	1 serving	100
11102	Salsa bearnesa	1 cucharada	1 tbsp	15
11143	Bechamel casera	1 cucharada	1 tbsp	15
11101	Bechamel envasada	1 cucharada	1 tbsp	15
11196	Salsa para hamburguesas	1 cucharada	1 tbsp	15
11128	Salsa carbonara	1 ración	1 serving	100
25600	Apio en salsa remoulade	1 cucharada	1 tbsp	15
11189	Salsa de queso para pasta o risotto	1 ración	1 serving	100
11300	Sirope de chocolate	1 cucharada	1 tbsp	15
11159	Salsa de nata	1 ración	1 serving	100
11162	Salsa de nata con hierbas	1 ración	1 serving	100
11192	Salsa de nata con champiñones	1 ración	1 serving	100
11122	Salsa de nata con chalota	1 ración	1 serving	100
11161	Salsa de nata con especias	1 ración	1 serving	100
11132	Salsa curry	1 ración	1 serving	100
11115	Salsa a la pimienta verde	1 cucharada	1 tbsp	15
25620	Guacamole	2 cucharadas	2 tbsp	30
11112	Harissa	1 cucharada	1 tbsp	15
11105	Salsa holandesa	1 cucharada	1 tbsp	15
11129	Salsa cazadora	1 ración	1 serving	100
11202	Salsa india (tandoori o garam masala)	1 ración	1 serving	100
11203	Salsa kebab	1 cucharada	1 tbsp	15
11073	Kétchup bajo en azúcar	1 cucharada	1 tbsp	15
39700	Crema inglesa (natillas líquidas)	1 ración	1 serving	100
11121	Salsa de Madeira	1 cucharada	1 tbsp	15
11205	Rouille (mayonesa con ajo y guindilla)	1 cucharada	1 tbsp	15
11079	Mayonesa light	1 cucharada	1 tbsp	15
11160	Salsa de setas	1 ración	1 serving	100
11157	Salsa de mostaza	1 cucharada	1 tbsp	15
11194	Salsa de pescado (nuoc mam)	1 cucharada	1 tbsp	15
11164	Salsa de vino tinto	1 cucharada	1 tbsp	15
11191	Salsa de roquefort	1 cucharada	1 tbsp	15
11110	Aliño para ensalada (50-75 % aceite)	1 cucharada	1 tbsp	15
11108	Vinagreta de aceite de oliva (50-75 % grasa)	1 cucharada	1 tbsp	15
11187	Aliño para ensalada (media)	1 cucharada	1 tbsp	15
11109	Aliño para ensalada light (25-50 % aceite)	1 cucharada	1 tbsp	15
11198	Aliño para ensalada light	1 cucharada	1 tbsp	15
11184	Salsa (media)	1 cucharada	1 tbsp	15
11217	Salsa para rollitos de primavera	1 cucharada	1 tbsp	15
11158	Salsa de mantequilla	1 cucharada	1 tbsp	15
11213	Salsa fría (media)	1 cucharada	1 tbsp	15
11212	Salsa picante para mojar	1 cucharada	1 tbsp	15
11182	Salsa a la pimienta	1 cucharada	1 tbsp	15
11210	Pesto rosso	2 cucharadas	2 tbsp	30
11179	Pesto	2 cucharadas	2 tbsp	30
11219	Salsa boloñesa vegetal	1 ración	1 serving	100
11218	Salsa caliente (media)	1 cucharada	1 tbsp	15
11104	Salsa de soja	1 cucharada	1 tbsp	15
11163	Salsa agridulce	1 cucharada	1 tbsp	15
11051	Salsa tártara	1 cucharada	1 tbsp	15
11301	Salsa teriyaki	1 cucharada	1 tbsp	15
11215	Paté de tomate especiado	2 cucharadas	2 tbsp	30
11208	Salsa de tomate con queso	1 ración	1 serving	100
11177	Salsa de tomate con champiñones	1 ración	1 serving	100
11178	Salsa de tomate con aceitunas	1 ración	1 serving	100
11207	Salsa de tomate con verduras	1 ración	1 serving	100
11114	Salsa boloñesa	1 ración	1 serving	100
11107	Salsa de tomate con cebolla	1 ración	1 serving	100
19864	Tzatziki de queso fresco	2 cucharadas	2 tbsp	30
19863	Tzatziki	2 cucharadas	2 tbsp	30
11140	Salsa de mantequilla blanca (beurre blanc)	1 cucharada	1 tbsp	15
11166	Salsa de yogur	1 cucharada	1 tbsp	15
25538	Carpaccio de ternera	1 plato	1 plate	300
25585	Brocheta de ternera con verduras	1 ración	1 serving	120
25065	Ternera estofada con zanahorias	1 plato	1 plate	300
25201	Lengua de ternera en salsa	1 plato	1 plate	300
25013	Cocido de carne con verduras	1 plato	1 plate	300
25085	Pasta a la boloñesa	1 plato	1 plate	300
25033	Ternera al vino tinto (bourguignon)	1 plato	1 plate	300
8601	Callos a la moda de Caen	1 plato	1 plate	300
8602	Callos envasados	1 plato	1 plate	300
25088	Arroz tres delicias	1 plato	1 plate	300
25135	Pasta a la carbonara	1 plato	1 plate	300
25101	Coliflor gratinada	1 plato	1 plate	300
25233	Hamburguesa de cereales con queso	1 unidad	1 item	100
25234	Hamburguesa de cereales con verduras	1 unidad	1 item	100
25546	San Jacobo (jamón y queso empanado)	1 plato	1 plate	300
25020	Suflé de queso	1 plato	1 plate	300
25204	Tajín de pollo	1 plato	1 plate	300
25174	Pollo al curry con leche de coco	1 plato	1 plate	300
25190	Pollo a la vasca (con pimientos)	1 plato	1 plate	300
25073	Endibias con jamón gratinadas	1 plato	1 plate	300
25111	Chili con carne	1 plato	1 plate	300
25205	Chop suey de cerdo o pollo	1 plato	1 plate	300
25121	Gallo al vino tinto	1 plato	1 plate	300
25127	Cuscús real (varias carnes)	1 plato	1 plate	300
25138	Cuscús con pollo	1 plato	1 plate	300
25107	Cuscús con pescado	1 plato	1 plate	300
25152	Cuscús con carne	1 plato	1 plate	300
25029	Cuscús con cordero	1 plato	1 plate	300
25043	Cuscús con carne o pollo light	1 plato	1 plate	300
25150	Cuscús con verduras	1 plato	1 plate	300
25056	Patatas gratinadas (gratén dauphinois)	1 plato	1 plate	300
25200	Paleta de cerdo en salsa de mostaza	1 plato	1 plate	300
25058	Pato en salsa	1 plato	1 plate	300
25110	Dim sum de gambas al vapor	1 ración	1 serving	150
9083	Trigo precocido para saltear	1 ración	1 serving	150
9082	Trigo precocido en bolsa para microondas	1 ración	1 serving	150
25052	Berenjenas gratinadas	1 plato	1 plate	300
25571	Falafel	4 falafel	4 falafel	100
25590	Falafel envasado	4 falafel	4 falafel	100
25038	Gratinado de pescado y gambas	1 plato	1 plate	300
25154	Brandada o pastel de pescado	1 plato	1 plate	300
25539	Brocheta de pescado	1 ración	1 serving	120
25037	Gratinado de pescado o marisco	1 plato	1 plate	300
25086	Pescado en salsa bordelesa	1 plato	1 plate	300
26140	Pescado cocinado (media)	1 plato	1 plate	300
26054	Pescado en salsa congelado	1 plato	1 plate	300
26249	Pescado blanco cocinado sin piel	1 plato	1 plate	300
25149	Raviolis de queso cocidos	1 plato	1 plate	300
25181	Raviolis de queso frescos	1 plato	1 plate	300
25155	Raviolis de queso y verduras cocidos	1 plato	1 plate	300
25182	Raviolis de queso y verduras frescos	1 plato	1 plate	300
25158	Raviolis de carne cocidos	1 plato	1 plate	300
25157	Raviolis de carne frescos	1 plato	1 plate	300
25193	Raviolis de verduras cocidos	1 plato	1 plate	300
25203	Raviolis de verduras frescos	1 plato	1 plate	300
19437	Queso de cabra empanado para la plancha	1 plato	1 plate	300
20274	Parrillada de verduras congelada	1 plato	1 plate	300
20194	Alubias con tomate (tipo baked beans)	1 plato	1 plate	300
25139	Lasaña o canelones de pescado	1 plato	1 plate	300
25635	Lasaña o canelones de queso de cabra y espinacas	1 plato	1 plate	300
25081	Lasaña o canelones de carne	1 plato	1 plate	300
25219	Lasaña o canelones de verduras y queso de cabra	1 plato	1 plate	300
25131	Lasaña o canelones de verduras (envasada)	1 plato	1 plate	300
25218	Lasaña o canelones de verduras	1 plato	1 plate	300
26250	Pescado blanco de mar cocinado sin piel	1 plato	1 plate	300
4041	Puré de patata con queso (aligot)	1 plato	1 plate	300
25211	Albóndigas de ternera en salsa de tomate	1 plato	1 plate	300
25172	Carne en salsa (media)	1 plato	1 plate	300
25123	Musaka	1 plato	1 plate	300
10083	Mejillones rellenos (con ajo y perejil)	1 plato	1 plate	300
10082	Mejillones al vino blanco	1 plato	1 plate	300
25159	Tajín de cordero	1 plato	1 plate	300
25183	Tallarines salteados con gambas	1 plato	1 plate	300
25164	Osobuco	1 plato	1 plate	300
25216	Pasta rellena cocida (media)	1 plato	1 plate	300
25122	Pasta gratinada	1 plato	1 plate	300
25198	Pasta con salsa de queso	1 plato	1 plate	300
25031	Paella	1 plato	1 plate	300
20240	Pisto de pimientos y tomate (piperrada)	1 ración	1 serving	150
25589	Albóndigas vegetales de trigo o soja	1 plato	1 plate	300
25591	Hamburguesa vegetal de lentejas, soja y verduras	1 unidad	1 item	100
25595	Hamburguesa vegetal de soja y queso	1 unidad	1 item	100
25596	Hamburguesa vegetal de soja y verduras	1 unidad	1 item	100
25597	Hamburguesa vegetal de soja, queso y verduras	1 unidad	1 item	100
25592	Hamburguesa vegetal de seitán y verduras	1 unidad	1 item	100
25594	Hamburguesa vegetal de trigo y soja	1 unidad	1 item	100
25593	Hamburguesa vegana de trigo y soja	1 unidad	1 item	100
25071	Potaje de col con salchichas y patatas	1 plato	1 plate	300
25207	Cerdo al caramelo	1 plato	1 plate	300
25586	Brocheta de pollo con verduras	1 ración	1 serving	120
25057	Salteado de patatas con bacon o pollo	1 plato	1 plate	300
25524	Tomates a la provenzal	1 plato	1 plate	300
8612	Callos con tomate	1 plato	1 plate	300
25063	Conejo en salsa de mostaza	1 plato	1 plate	300
25018	Pisto (ratatouille)	1 plato	1 plate	300
25019	Raviolis de carne con tomate en lata	1 plato	1 plate	300
25231	Raviolis de tofu con tomate	1 plato	1 plate	300
25192	Raviolis de verduras con tomate en lata	1 plato	1 plate	300
25189	Risotto de quesos	1 plato	1 plate	300
25188	Risotto de marisco	1 plato	1 plate	300
25187	Risotto de verduras	1 plato	1 plate	300
25196	Pisto de berenjena, tomate y cebolla	1 plato	1 plate	300
25077	Salmón en salsa de acedera	1 plato	1 plate	300
25010	Lentejas con panceta	1 plato	1 plate	300
25003	Chucrut con guarnición (salchichas y carne)	1 plato	1 plate	300
25220	Chucrut (sin guarnición)	1 ración	1 serving	150
25509	Fondue de queso	1 plato	1 plate	300
25228	Escalope vegetal de soja y trigo	1 unidad	1 item	100
25229	Escalope vegano de soja y trigo	1 unidad	1 item	100
25230	Cordon bleu vegetal	1 unidad	1 item	100
25009	Pastel de carne y puré (pastel de patata)	1 plato	1 plate	300
25540	Brocheta de gambas	1 ración	1 serving	120
25437	Buñuelos de queso	1 ración	1 serving	120
20914	Hamburguesa o escalope de soja	1 unidad	1 item	100
30181	Picada de soja	1 ración	1 serving	150
25226	Nuggets vegetales de soja y trigo	6 nuggets	6 nuggets	100
25227	Nuggets veganos de soja y trigo	6 nuggets	6 nuggets	100
25026	Espinacas a la crema	1 plato	1 plate	300
25124	Cordero guisado con patatas y verduras	1 plato	1 plate	300
25106	Repollo relleno	1 plato	1 plate	300
25210	Salmón relleno	1 plato	1 plate	300
25103	Tomates rellenos	1 plato	1 plate	300
25511	Verduras rellenas	1 plato	1 plate	300
25456	Sushi o maki	6 piezas	6 pieces	150
25137	Tartiflette	1 plato	1 plate	300
20917	Tempeh	1 ración	1 serving	150
25125	Rollito de ternera relleno	1 plato	1 plate	300
25001	Ternera en salsa blanca (blanquette)	1 plato	1 plate	300
8297	Flan de verduras	1 plato	1 plate	300
25556	Buñuelos de verduras	1 ración	1 serving	120
25199	Rösti de verduras congelado	1 ración	1 serving	120
25208	Rösti de verduras horneado	1 ración	1 serving	120
8296	Terrina o mousse de verduras	1 plato	1 plate	300
25162	Verduras gratinadas	1 plato	1 plate	300
25588	Verduras gratinadas con bechamel	1 plato	1 plate	300
20273	Salteado de verduras oriental congelado	1 plato	1 plate	300
20498	Salteado de verduras con setas congelado	1 plato	1 plate	300
20262	Salteado de verduras congelado	1 plato	1 plate	300
25217	Hojas de parra rellenas de arroz (dolmas)	1 ración	1 serving	120
25225	Nuggets vegetales de trigo	6 nuggets	6 nuggets	100
25002	Alubias guisadas en lata	1 plato	1 plate	300
25099	Fabada con pato u oca (tipo cassoulet)	1 plato	1 plate	300
25098	Alubias con cerdo (tipo cassoulet o fabada)	1 plato	1 plate	300
25140	Pescado blanco a la florentina (espinacas)	1 plato	1 plate	300
25143	Pescado blanco en salsa de champiñones	1 plato	1 plate	300
25128	Pescado blanco en salsa de tomate	1 plato	1 plate	300
25142	Pescado blanco en salsa de mostaza	1 plato	1 plate	300
25141	Pescado blanco con mejillones al vino blanco	1 plato	1 plate	300
25145	Pescado blanco al estragón	1 plato	1 plate	300
25185	Arroz con verduras y carne	1 plato	1 plate	300
25184	Arroz con pollo	1 plato	1 plate	300
25565	Yakitori (brochetas japonesas)	1 ración	1 serving	120
26258	Ensalada de remolacha aliñada	1 ración	1 serving	200
25628	Ensalada César	1 ración	1 serving	200
26259	Ensalada de col (coleslaw)	1 ración	1 serving	200
26260	Ensalada de pepino con salsa de yogur	1 ración	1 serving	200
26257	Zanahoria rallada aliñada	1 ración	1 serving	200
26262	Ensalada griega	1 ración	1 serving	200
25605	Champiñones marinados a la griega	1 ración	1 serving	200
26261	Ensalada de lentejas con salchicha ahumada	1 ración	1 serving	200
25626	Ensaladilla de verduras (macedonia con mayonesa)	1 ración	1 serving	200
25609	Ensalada de patata (tipo ensaladilla rusa)	1 ración	1 serving	200
25602	Ensalada de carne o pescado en lata	1 ración	1 serving	200
25601	Ensalada de atún y verduras en lata	1 ración	1 serving	200
25615	Ensalada de pasta vegetariana	1 ración	1 serving	200
25619	Ensalada de pasta con carne o pescado	1 ración	1 serving	200
25606	Ensalada de patata casera	1 ración	1 serving	200
25614	Ensalada de arroz en lata	1 ración	1 serving	200
26263	Ensalada de arroz nizarda	1 ración	1 serving	200
25616	Ensalada de verduras sin aliñar (media)	1 ración	1 serving	200
25629	Ensalada de bulgur o quinoa con verduras	1 ración	1 serving	200
26269	Tabulé con pollo	1 ración	1 serving	200
25608	Tabulé	1 ración	1 serving	200
25459	Burritos	1 unidad	1 item	200
25444	Tarta de queso salada	1 porción	1 slice	150
25549	Crep de queso y bechamel	1 crep	1 crepe	150
25410	Crep de jamón y queso con bechamel	1 crep	1 crepe	150
25552	Crep de jamón, queso y champiñones	1 crep	1 crepe	150
25562	Crep completa (huevo, jamón y queso)	1 crep	1 crepe	150
25625	Crep de pescado o marisco	1 crep	1 crepe	150
25411	Crep de champiñones con bechamel	1 crep	1 crepe	150
25572	Crep de vieiras	1 crep	1 crepe	150
25409	Crep de jamón	1 crep	1 crepe	150
25460	Fajitas	1 unidad	1 item	200
25550	Tarta flambeada (flammkuchen)	1 porción	1 slice	150
26267	Quiche de queso de cabra y espinacas	1 porción	1 slice	150
25553	Quiche de puerros	1 porción	1 slice	150
25529	Quiche de cebolla	1 porción	1 slice	150
25568	Pastela de pollo	1 porción	1 slice	150
25516	Pizza (media)	1 porción	1 slice	125
26273	Pizza de raclette y bacon	1 porción	1 slice	125
25457	Pizza boloñesa	1 porción	1 slice	125
25477	Pizza de queso y champiñones	1 porción	1 slice	125
26272	Pizza de pollo	1 porción	1 slice	125
25462	Pizza de chorizo o salami	1 porción	1 slice	125
26274	Pizza de jamón serrano	1 porción	1 slice	125
25478	Pizza cuatro quesos	1 porción	1 slice	125
25468	Pizza de queso de cabra y bacon	1 porción	1 slice	125
25435	Pizza de jamón y queso	1 porción	1 slice	125
25548	Pizza de jamón, queso y champiñones	1 porción	1 slice	125
26271	Pizza kebab	1 porción	1 slice	125
25570	Pizza de bacon, cebolla y queso	1 porción	1 slice	125
25528	Pizza de cebolla, anchoas y aceitunas	1 porción	1 slice	125
25464	Pizza de salmón	1 porción	1 slice	125
25463	Pizza de marisco	1 porción	1 slice	125
26270	Pizza de atún	1 porción	1 slice	125
25472	Pizza de verduras o cuatro estaciones	1 porción	1 slice	125
25454	Tarta provenzal (verduras)	1 porción	1 slice	150
25405	Quiche lorraine	1 porción	1 slice	150
25555	Quiche de salmón	1 porción	1 slice	150
25573	Tarta salada (media)	1 porción	1 slice	150
25564	Tarta de vieiras	1 porción	1 slice	150
26268	Empanada de calamar con tomate picante	1 porción	1 slice	150
25561	Tarta de tomate	1 porción	1 slice	150
25417	Tarta de verduras	1 porción	1 slice	150
25523	Canapés variados	3 canapés	3 canapés	60
25415	Hamburguesa doble con queso (comida rápida)	1 hamburguesa	1 burger	170
25414	Hamburguesa con queso (comida rápida)	1 hamburguesa	1 burger	120
25502	Hamburguesa de pollo (comida rápida)	1 hamburguesa	1 burger	120
25416	Hamburguesa de pescado (comida rápida)	1 hamburguesa	1 burger	120
7811	Focaccia rellena	1 unidad	1 sandwich	180
7812	Fougasse rellena	1 unidad	1 sandwich	180
25547	Sándwich mixto a la plancha	1 unidad	1 sandwich	180
25403	Perrito caliente	1 perrito	1 hot dog	120
25513	Pan bagnat (bocadillo de atún, anchoa y aceitunas)	1 bocadillo	1 sandwich	250
25522	Sándwich (media)	1 unidad	1 sandwich	180
25518	Bocadillo de camembert con mantequilla	1 bocadillo	1 sandwich	250
25476	Bocadillo de pollo con lechuga, tomate y mayonesa	1 bocadillo	1 sandwich	250
25520	Bocadillo de salchichón con mantequilla	1 bocadillo	1 sandwich	250
25532	Bocadillo de huevo con lechuga, tomate y mayonesa	1 bocadillo	1 sandwich	250
25517	Bocadillo de jamón cocido con mantequilla	1 bocadillo	1 sandwich	250
25485	Bocadillo de jamón cocido y queso	1 bocadillo	1 sandwich	250
25521	Bocadillo de jamón cocido, queso y mantequilla	1 bocadillo	1 sandwich	250
25475	Bocadillo de huevo duro, lechuga y tomate	1 bocadillo	1 sandwich	250
25429	Bocadillo de kebab	1 bocadillo	1 sandwich	250
25535	Bocadillo de merguez con kétchup y mostaza	1 bocadillo	1 sandwich	250
25533	Bocadillo de lomo con lechuga, tomate y mayonesa	1 bocadillo	1 sandwich	250
25519	Bocadillo de paté con pepinillos	1 bocadillo	1 sandwich	250
25530	Bocadillo vegetal con mayonesa	1 bocadillo	1 sandwich	250
25536	Bocadillo de salami con mantequilla	1 bocadillo	1 sandwich	250
25488	Bocadillo de salmón ahumado con mantequilla	1 bocadillo	1 sandwich	250
25431	Bocadillo de atún con lechuga, tomate y mayonesa	1 bocadillo	1 sandwich	250
25490	Bocadillo de atún con maíz y verduras	1 bocadillo	1 sandwich	250
25531	Bocadillo de pavo con lechuga, tomate y mayonesa	1 bocadillo	1 sandwich	250
25544	Sándwich de pan de molde envasado	1 unidad	1 sandwich	180
25434	Panini de jamón serrano, mozzarella y tomate	1 unidad	1 sandwich	180
25428	Kebab en pan de pita	1 bocadillo	1 sandwich	250
25577	Sándwich integral de pollo con mayonesa	1 unidad	1 sandwich	180
25576	Sándwich integral de jamón y queso	1 unidad	1 sandwich	180
25574	Sándwich integral de jamón y verduras	1 unidad	1 sandwich	180
25575	Sándwich integral de atún con mayonesa	1 unidad	1 sandwich	180
25543	Bocadillo (media)	1 bocadillo	1 sandwich	250
25542	Croque madame (sándwich con huevo frito)	1 unidad	1 sandwich	180
25401	Hojaldre de queso	1 ración	1 serving	100
25169	Dumplings o especialidades chinas	1 ración	1 serving	100
25418	Cruasán de jamón	1 cruasán	1 croissant	90
26266	Cruasán de jamón y queso	1 cruasán	1 croissant	90
25420	Rollito de primavera frito (nem)	2 rollitos	2 rolls	100
25582	Rollito de primavera de pollo	2 rollitos	2 rolls	100
25583	Rollito de primavera de cerdo	2 rollitos	2 rolls	100
25584	Rollito de primavera de gambas o cangrejo	2 rollitos	2 rolls	100
25151	Hojaldre de pescado o marisco	1 ración	1 serving	100
25438	Brik relleno (gambas, verduras, carne…)	1 ración	1 serving	100
25558	Brik de carne	1 ración	1 serving	100
25557	Brik de huevo	1 ración	1 serving	100
25559	Brik de patata	1 ración	1 serving	100
25508	Hojaldre de jamón y queso	1 ración	1 serving	100
25402	Hojaldre de carne	1 ración	1 serving	100
25551	Buñuelos de carne, ave o pescado	1 ración	1 serving	100
25578	Hojaldre salado (media)	1 ración	1 serving	100
25108	Samosas	2 samosas	2 samosas	80
7814	Bizcocho salado (con queso, verduras o carne)	1 ración	1 serving	100
25419	Rollito de primavera (fresco)	2 rollitos	2 rolls	100
25503	Volován de pescado y marisco	1 volován	1 vol-au-vent	120
25580	Volován relleno (media)	1 volován	1 vol-au-vent	120
25412	Volován de carne o pollo	1 volován	1 vol-au-vent	120
25930	Caldo de carne preparado	1 plato	1 bowl	250
25909	Caldo de carne y verduras preparado	1 plato	1 bowl	250
25947	Caldo de pollo preparado	1 plato	1 bowl	250
25948	Caldo de verduras preparado	1 plato	1 bowl	250
25972	Sopa de miso	1 plato	1 bowl	250
25969	Sopa (media)	1 plato	1 bowl	250
25923	Sopa oriental de fideos (de sobre)	1 plato	1 bowl	250
25955	Sopa oriental de fideos (envasada)	1 plato	1 bowl	250
25924	Harira (sopa marroquí, de sobre)	1 plato	1 bowl	250
25932	Crema de espárragos (de sobre)	1 plato	1 bowl	250
25968	Crema de espárragos (envasada)	1 plato	1 bowl	250
25913	Crema de zanahoria	1 plato	1 bowl	250
25934	Sopa de cereales y verduras (de sobre)	1 plato	1 bowl	250
25928	Sopa de pollo y verduras (de sobre)	1 plato	1 bowl	250
25901	Sopa de pollo y verduras (envasada)	1 plato	1 bowl	250
25950	Sopa de pollo con fideos (de sobre)	1 plato	1 bowl	250
25908	Sopa de pollo con fideos (envasada)	1 plato	1 bowl	250
25919	Sopa de pescado o marisco (de sobre)	1 plato	1 bowl	250
25904	Sopa de pescado o marisco (envasada)	1 plato	1 bowl	250
25964	Crema de verduras verdes (de sobre)	1 plato	1 bowl	250
25963	Crema de verduras verdes (envasada)	1 plato	1 bowl	250
25925	Crema de puerro y patata (de sobre)	1 plato	1 bowl	250
25907	Crema de puerro y patata (vichyssoise)	1 plato	1 bowl	250
25900	Sopa de lentejas	1 plato	1 bowl	250
25956	Minestrone (de sobre)	1 plato	1 bowl	250
25916	Minestrone (envasada)	1 plato	1 bowl	250
25905	Sopa de verduras (de sobre)	1 plato	1 bowl	250
25903	Crema de verduras (envasada)	1 plato	1 bowl	250
25936	Crema de champiñones (de sobre)	1 plato	1 bowl	250
25912	Crema de champiñones (envasada)	1 plato	1 bowl	250
25942	Sopa de cebolla (de sobre)	1 plato	1 bowl	250
25910	Sopa de cebolla (envasada)	1 plato	1 bowl	250
25917	Sopa al pesto (de sobre)	1 plato	1 bowl	250
25953	Sopa al pesto (envasada)	1 plato	1 bowl	250
25954	Crema de calabaza (de sobre)	1 plato	1 bowl	250
25945	Crema de calabaza (envasada)	1 plato	1 bowl	250
25965	Crema de guisantes	1 plato	1 bowl	250
25949	Sopa de tomate con fideos (de sobre)	1 plato	1 bowl	250
25933	Sopa de tomate con fideos (envasada)	1 plato	1 bowl	250
25935	Crema de tomate (de sobre)	1 plato	1 bowl	250
25914	Crema de tomate (envasada)	1 plato	1 bowl	250
25962	Crema de verduras con queso	1 plato	1 bowl	250
25957	Crema de berros (de sobre)	1 plato	1 bowl	250
25958	Crema de berros (envasada)	1 plato	1 bowl	250
23480	Napolitana de manzana	1 unidad	1 pastry	80
7741	Brioche	1 unidad	1 piece	60
7225	Bollo de brioche o pan de Viena	1 unidad	1 piece	60
7737	Brioche relleno de chocolate	1 unidad	1 piece	60
7735	Brioche con pepitas de chocolate	1 unidad	1 piece	60
7739	Brioche relleno de crema	1 unidad	1 piece	60
7738	Brioche relleno de frutas	1 unidad	1 piece	60
7742	Brioche de panadería	1 unidad	1 piece	60
7740	Brioche envasado	1 unidad	1 piece	60
7745	Brioche de mantequilla	1 unidad	1 piece	60
7733	Napolitana de chocolate envasada	1 unidad	1 pastry	80
7730	Napolitana de chocolate de panadería	1 unidad	1 pastry	80
23467	Petisús azucarados (chouquettes)	5 petisús	5 puffs	30
7744	Panettone o roscón con frutas confitadas	1 porción	1 slice	80
7602	Cruasán (media)	1 cruasán	1 croissant	60
7650	Cruasán de almendras	1 cruasán	1 croissant	60
7615	Cruasán de panadería	1 cruasán	1 croissant	60
7712	Bollo de leche con pepitas de chocolate	1 bollo	1 roll	40
7710	Bollo de leche de panadería	1 bollo	1 roll	40
7711	Bollo de leche envasado	1 bollo	1 roll	40
7600	Bollería (media)	1 unidad	1 piece	60
7720	Caracola de pasas	1 unidad	1 pastry	80
32012	Arroz inflado con chocolate (sin vitaminas)	1 bol	1 bowl	40
32131	Arroz inflado con chocolate (tipo Choco Krispies)	1 bol	1 bowl	40
32115	Trigo inflado con chocolate	1 bol	1 bowl	40
32011	Copos de trigo con chocolate (sin vitaminas)	1 bol	1 bowl	40
32009	Copos de trigo con chocolate	1 bol	1 bowl	40
32005	Copos de maíz (tipo Corn Flakes)	1 bol	1 bowl	40
32107	Copos de maíz azucarados (sin vitaminas)	1 bol	1 bowl	40
32121	Copos de maíz azucarados (tipo Frosties)	1 bol	1 bowl	40
32021	Cereales dietéticos naturales o con miel (tipo Special K)	1 bol	1 bowl	40
32030	Cereales dietéticos naturales (sin vitaminas)	1 bol	1 bowl	40
32022	Cereales dietéticos con chocolate	1 bol	1 bowl	40
32028	Cereales dietéticos con chocolate (sin vitaminas)	1 bol	1 bowl	40
32025	Cereales dietéticos con frutos secos	1 bol	1 bowl	40
32023	Cereales dietéticos con frutas	1 bol	1 bowl	40
32029	Cereales dietéticos con frutas (sin vitaminas)	1 bol	1 bowl	40
32018	Cereales rellenos (no de chocolate)	1 bol	1 bowl	40
32017	Cereales rellenos de chocolate o crema de avellanas (sin vitaminas)	1 bol	1 bowl	40
32016	Cereales rellenos de chocolate (tipo Krave)	1 bol	1 bowl	40
32135	Mezcla de cereales inflados	1 bol	1 bowl	40
32000	Trigo inflado con miel o caramelo (tipo Smacks)	1 bol	1 bowl	40
32134	Cereales integrales inflados	1 bol	1 bowl	40
32129	Maíz inflado con miel (sin vitaminas)	1 bol	1 bowl	40
32133	Maíz inflado con miel (tipo Honey Pops)	1 bol	1 bowl	40
32006	Arroz inflado (tipo Rice Krispies)	1 bol	1 bowl	40
32008	Cereales ricos en fibra con chocolate	1 bol	1 bowl	40
32002	Cereales ricos en fibra	1 bol	1 bowl	40
32003	Cereales de desayuno azucarados (media)	1 bol	1 bowl	40
32032	Cereales de desayuno azucarados sin vitaminas (media)	1 bol	1 bowl	40
32031	Cereales de desayuno azucarados con vitaminas (media)	1 bol	1 bowl	40
32116	Cereales muy ricos en fibra (tipo All-Bran)	1 bol	1 bowl	40
32123	Copos de trigo con frutos secos	1 bol	1 bowl	40
32013	Cereales con chocolate (sin vitaminas)	1 bol	1 bowl	40
32001	Cereales con chocolate	1 bol	1 bowl	40
32130	Kamut inflado integral	1 bol	1 bowl	40
32109	Muesli crujiente con chocolate (granola)	1 bol	1 bowl	50
32112	Muesli crujiente con chocolate, con vitaminas	1 bol	1 bowl	50
32108	Muesli crujiente con frutas (granola)	1 bol	1 bowl	50
32111	Muesli crujiente con frutas, con vitaminas	1 bol	1 bowl	50
32136	Muesli crujiente con quinoa	1 bol	1 bowl	50
32128	Muesli de copos (tipo Bircher)	1 bol	1 bowl	50
32138	Muesli de copos con frutas	1 bol	1 bowl	50
32110	Muesli de copos con frutas, con vitaminas	1 bol	1 bowl	50
32113	Muesli de copos con frutas, sin azúcar	1 bol	1 bowl	50
32139	Muesli de copos con vitaminas (media)	1 bol	1 bowl	50
32141	Muesli de copos (media)	1 bol	1 bowl	50
32140	Copos de avena precocidos	1 bol	1 bowl	40
24664	Financier (pastelito de almendra)	1 unidad	1 piece	35
24665	Bizcocho de almendra envasado	1 porción	1 slice	80
23493	Crumble de manzana	1 porción	1 slice	80
23481	Tarta de manzana con crema	1 porción	1 slice	80
23490	Tarta de manzana	1 porción	1 slice	80
23494	Tarta de albaricoque	1 porción	1 slice	80
23300	Baklava	1 porción	1 slice	80
23803	Pastel vasco de cerezas	1 porción	1 slice	80
23802	Pastel vasco de crema	1 porción	1 slice	80
23121	Far bretón con ciruelas	1 porción	1 slice	80
23032	Brownie	1 unidad	1 piece	50
23801	Crep de trigo sarraceno (galette)	1 crep	1 crepe	60
23081	Bizcocho de mantequilla envasado (cuatro cuartos)	1 porción	1 slice	80
23122	Kouign-amann	1 porción	1 slice	80
23000	Pastel (media)	1 porción	1 slice	80
23022	Canelé	1 unidad	1 piece	35
23585	Tarta de chocolate	1 porción	1 slice	80
23586	Bizcocho de chocolate envasado	1 porción	1 slice	80
23497	Tarta de chocolate de pastelería	1 porción	1 slice	80
23457	Petisú relleno de crema	1 unidad	1 piece	35
23456	Petisú relleno de nata	1 unidad	1 piece	35
23005	Petisú de crema praliné (Paris-Brest)	1 unidad	1 piece	35
23030	Tronco de Navidad	1 porción	1 slice	80
23829	Crep de chocolate envasada	1 crep	1 crepe	60
23830	Crep de fresa envasada	1 crep	1 crepe	60
23815	Crep con azúcar envasada	1 crep	1 crepe	60
23821	Crep de chocolate o crema de cacao casera	1 crep	1 crepe	60
23820	Crep de mermelada casera	1 crep	1 crepe	60
23799	Crep natural refrigerada	1 crep	1 crepe	60
23800	Crep natural envasada	1 crep	1 crepe	60
23008	Pastel Ópera	1 porción	1 slice	80
23885	Berlina rellena de chocolate	1 unidad	1 doughnut	60
23884	Berlina rellena de frutas	1 unidad	1 doughnut	60
23881	Berlina rellena de mermelada	1 unidad	1 doughnut	60
23880	Rosquilla o dónut	1 unidad	1 doughnut	60
23477	Pepito o éclair	1 porción	1 slice	80
23525	Tarta de flan	1 porción	1 slice	80
23589	Tarta de queso fresco	1 porción	1 slice	80
23909	Cake de frutas (plum cake)	1 porción	1 slice	80
23531	Carlota de frutas	1 porción	1 slice	80
23479	Tarta de frutas con crema pastelera	1 porción	1 slice	80
23930	Tarta de frutas de masa quebrada	1 porción	1 slice	80
23937	Bizcocho de frutas envasado	1 porción	1 slice	80
23499	Tarta de frutas	1 porción	1 slice	80
23301	Cuerno de gacela (pastel de almendra)	1 unidad	1 piece	35
23200	Pan de especias	1 porción	1 slice	80
23220	Pan de especias relleno	1 porción	1 slice	80
23103	Bizcocho de limón	1 porción	1 slice	80
23485	Tarta de limón	1 porción	1 slice	80
23024	Macaron	2 macarons	2 macarons	25
24632	Magdalena	1 magdalena	1 muffin	30
24631	Magdalena con chocolate	1 magdalena	1 muffin	30
24630	Magdalena de mantequilla	1 magdalena	1 muffin	30
23925	Bizcocho mármol envasado	1 porción	1 slice	80
24666	Milhojas	1 porción	1 slice	80
23950	Muffin de arándanos o chocolate	1 unidad	1 piece	50
23900	Pastelería (media)	1 porción	1 slice	80
23455	Petisú de crema	1 unidad	1 piece	35
24663	Tarta de pera con almendras	1 porción	1 slice	80
23080	Bizcocho cuatro cuartos	1 porción	1 slice	80
23082	Bizcocho cuatro cuartos envasado	1 porción	1 slice	80
23495	Tarta de frutos rojos	1 porción	1 slice	80
23033	Rocas de coco	1 unidad	1 piece	35
23021	Babá al ron	1 porción	1 slice	80
19688	Babá al ron envasado	1 porción	1 slice	80
23050	Bizcocho genovés	1 porción	1 slice	80
23939	Bizcochito relleno de chocolate o leche (tipo Bollycao)	1 unidad	1 piece	50
23941	Brazo de gitano mini de frutas	1 unidad	1 piece	50
23938	Bizcocho con frutos secos envasado	1 porción	1 slice	80
23594	Bizcocho esponjoso natural	1 porción	1 slice	80
23851	Gofre blando natural o con azúcar	1 gofre	1 waffle	50
23852	Gofre blando con chocolate	1 gofre	1 waffle	50
23940	Pastelito de bizcocho cubierto de chocolate (tipo Pantera Rosa)	1 unidad	1 piece	50
23006	Selva negra	1 porción	1 slice	80
23007	Tarta de bizcocho con mousse de frutas	1 porción	1 slice	80
23009	Tarta de bizcocho con fresas o frambuesas	1 porción	1 slice	80
23491	Tarta de fresas	1 porción	1 slice	80
23496	Tarta tatin	1 porción	1 slice	80
23680	Roscón de Reyes	1 porción	1 slice	80
23684	Roscón de hojaldre con crema de almendra	1 porción	1 slice	80
23853	Barquillo crujiente	3 barquillos	3 wafers	15
23854	Barquillo crujiente con chocolate	3 barquillos	3 wafers	15
23849	Barquillo relleno de miel	3 barquillos	3 wafers	15
23850	Gofre de pastelería	1 gofre	1 waffle	50
23588	Bizcocho de yogur	1 porción	1 slice	80
31113	Barrita de cereales con frutas	1 barrita	1 bar	25
31114	Barrita de cereales con almendras o avellanas	1 barrita	1 bar	25
31102	Barrita de cereales con chocolate, con vitaminas	1 barrita	1 bar	25
31101	Barrita de cereales con frutas, con vitaminas	1 barrita	1 bar	25
31104	Barrita de cereales baja en calorías	1 barrita	1 bar	25
31106	Barrita de cereales con chocolate	1 barrita	1 bar	25
31115	Barrita de cereales con chocolate y frutas	1 barrita	1 bar	25
31100	Barrita de cereales con leche (desayuno)	1 barrita	1 bar	25
31066	Bombones rellenos de praliné	2 bombones	2 chocolates	25
31120	Barrita de chocolate	1 barrita	1 bar	40
31000	Barrita de chocolate con galleta (tipo Twix o KitKat)	1 barrita	1 bar	40
31071	Barrita de chocolate con frutos secos	1 barrita	1 bar	40
31012	Barrita de chocolate con relleno lácteo (tipo Kinder)	1 barrita	1 bar	40
31063	Bombones con frutos secos o praliné	2 bombones	2 chocolates	25
31091	Barrita de chocolate con barquillo	1 barrita	1 bar	40
31041	Grageas de chocolate (tipo Lacasitos)	1 bolsita	1 small bag	30
31073	Snack de chocolate con relleno lácteo	1 barrita	1 bar	40
31099	Snack de chocolate con bizcocho y leche (tipo Kinder Pingui)	1 barrita	1 bar	40
31032	Crema de cacao con avellanas (tipo Nutella)	1 cucharada	1 tbsp	15
31001	Barrita de chocolate sin galleta (tipo Mars o Snickers)	1 barrita	1 bar	40
31002	Barrita de coco con chocolate (tipo Bounty)	1 barrita	1 bar	40
31080	Chocolate negro relleno de praliné	2 onzas	2 squares	20
31005	Chocolate negro (menos del 70 %)	2 onzas	2 squares	20
31085	Chocolate negro para fundir	2 onzas	2 squares	20
31070	Chocolate negro con frutos secos	2 onzas	2 squares	20
31069	Chocolate negro con frutas	2 onzas	2 squares	20
31030	Chocolate negro sin azúcar	2 onzas	2 squares	20
31072	Chocolate negro relleno de menta	2 onzas	2 squares	20
31004	Chocolate con leche	2 onzas	2 squares	20
31084	Chocolate con leche relleno de praliné	2 onzas	2 squares	20
31018	Chocolate con leche con frutos secos	2 onzas	2 squares	20
31009	Chocolate con leche con arroz inflado	2 onzas	2 squares	20
31020	Chocolate con leche sin azúcar	2 onzas	2 squares	20
31079	Chocolate con leche relleno	2 onzas	2 squares	20
31042	Cacahuetes recubiertos de chocolate	1 bolsita	1 small bag	30
31098	Toblerone	1 barrita	1 bar	40
31010	Chocolate blanco	2 onzas	2 squares	20
31026	Chocolate blanco con frutos secos	2 onzas	2 squares	20
31040	Dulce de leche	1 cucharada	1 tbsp	20
31082	Preparado de frutas azucarado	1 cucharada	1 tbsp	20
30999	Mermelada (media)	1 cucharada	1 tbsp	20
31037	Mermelada de albaricoque	1 cucharada	1 tbsp	20
31068	Mermelada de arándanos	1 cucharada	1 tbsp	20
31038	Mermelada de cereza	1 cucharada	1 tbsp	20
31053	Mermelada de ciruela	1 cucharada	1 tbsp	20
31062	Mermelada de frambuesa	1 cucharada	1 tbsp	20
31110	Mermelada baja en azúcar	1 cucharada	1 tbsp	20
31024	Mermelada de fresa	1 cucharada	1 tbsp	20
31086	Jalea de frutas	1 cucharada	1 tbsp	20
31095	Jalea de grosella	1 cucharada	1 tbsp	20
31039	Mermelada de naranja amarga	1 cucharada	1 tbsp	20
31027	Frutas confitadas	1 ración	1 serving	20
31021	Piel de naranja confitada	1 ración	1 serving	20
31003	Caramelos (media)	3 caramelos	3 sweets	15
31050	Nubes (malvaviscos)	3 nubes	3 marshmallows	15
31093	Nubes cubiertas de chocolate	3 nubes	3 marshmallows	15
31121	Chicle (media)	2 chicles	2 pieces	3
31007	Chicle con azúcar	2 chicles	2 pieces	3
31054	Chicle sin azúcar	2 chicles	2 pieces	3
31014	Pastas de fruta (gominolas de fruta)	1 puñado	1 handful	25
31059	Caramelos duros y piruletas	3 caramelos	3 sweets	15
31094	Caramelos duros de caramelo	3 caramelos	3 sweets	15
31023	Marron glacé	1 ración	1 serving	20
31060	Gominolas	1 puñado	1 handful	25
31033	Turrón blando o nougat	1 porción	1 piece	30
31081	Caramelos blandos (toffee)	3 caramelos	3 sweets	15
31036	Peladillas	1 ración	1 serving	20
11506	Edulcorante de aspartamo (pastillas)	1 dosis	1 dose	1
11509	Edulcorante de aspartamo (polvo)	1 dosis	1 dose	1
31067	Melaza de caña	1 cucharada	1 tbsp	20
31077	Fructosa	1 cucharadita	1 tsp	5
31046	Caramelo líquido	1 cucharada	1 tbsp	20
11510	Fideos de colores (para decorar)	1 cucharadita	1 tsp	5
31064	Edulcorante de sacarina	1 dosis	1 dose	1
31087	Edulcorante de stevia	1 dosis	1 dose	1
31017	Azúcar moreno	1 cucharadita	1 tsp	5
31076	Azúcar light con aspartamo	1 cucharadita	1 tsp	5
31044	Azúcar avainillado	1 cucharadita	1 tsp	5
31089	Sirope de agave	1 cucharada	1 tbsp	20
31034	Sirope de arce	1 cucharada	1 tbsp	20
24660	Palmera de hojaldre	1 palmera	1 palmier	50
24000	Galletas (media)	3 galletas	3 biscuits	25
24037	Galletas rellenas de fruta (tipo Fig Rolls)	3 galletas	3 biscuits	25
24008	Galletas rellenas de fruta bajas en grasa	3 galletas	3 biscuits	25
24003	Galletas con vitaminas y minerales	3 galletas	3 biscuits	25
24002	Galletas con vitaminas	3 galletas	3 biscuits	25
24004	Galletas de frutas bajas en sal	3 galletas	3 biscuits	25
24055	Galletas con frutos secos	3 galletas	3 biscuits	25
24011	Surtido de galletas y pastas	3 galletas	3 biscuits	25
24441	Lenguas de gato	3 galletas	3 biscuits	25
24038	Galletas cubiertas de chocolate	3 galletas	3 biscuits	25
24016	Galletas con tableta de chocolate (tipo Príncipe de chocolate)	3 galletas	3 biscuits	25
24690	Galletas bajas en azúcar	3 galletas	3 biscuits	25
24231	Galletas rellenas de chocolate (tipo Príncipe)	3 galletas	3 biscuits	25
24225	Galletas rellenas de crema de leche o vainilla	3 galletas	3 biscuits	25
24240	Galletas rellenas de frutas	3 galletas	3 biscuits	25
24430	Bizcochos de soletilla	3 galletas	3 biscuits	25
24615	Tejas de almendra	3 galletas	3 biscuits	25
24616	Galletas finas con frutas	3 galletas	3 biscuits	25
24684	Galletas con pepitas de chocolate (cookies)	3 galletas	3 biscuits	25
24036	Galletas con chocolate	3 galletas	3 biscuits	25
24030	Galletas de leche	3 galletas	3 biscuits	25
24010	Galletas con grasa vegetal	3 galletas	3 biscuits	25
24052	Tartaleta de chocolate	1 tartaleta	1 tartlet	40
24679	Tartaleta de frutas	1 tartaleta	1 tartlet	40
24039	Barrita de galleta rellena de fruta light	3 galletas	3 biscuits	25
24659	Galletas de hojaldre	3 galletas	3 biscuits	25
24049	Galletas de mantequilla	3 galletas	3 biscuits	25
24050	Galletas de mantequilla con chocolate	3 galletas	3 biscuits	25
24053	Galletas de mantequilla con chocolate envasadas	3 galletas	3 biscuits	25
24054	Galletas de mantequilla con frutas	3 galletas	3 biscuits	25
24678	Bizcochito cubierto de frutas (tipo Jaffa)	2 unidades	2 pieces	25
24051	Bizcochito con chocolate (tipo Jaffa de chocolate)	2 unidades	2 pieces	25
7412	Galleta extrusionada rellena de chocolate	3 galletas	3 biscuits	25
7413	Galleta extrusionada rellena de frutas	3 galletas	3 biscuits	25
24034	Galletas de desayuno (tipo Digestive o Belvita)	3 galletas	3 biscuits	25
24041	Galletas de desayuno con cereales y vitaminas	3 galletas	3 biscuits	25
24035	Galletas de desayuno bajas en azúcar	3 galletas	3 biscuits	25
24040	Galletas de desayuno con chocolate	3 galletas	3 biscuits	25
24015	Galletas de mantequilla (tipo danesas)	3 galletas	3 biscuits	25
24017	Galletas de mantequilla con chocolate (tipo Petit écolier)	3 galletas	3 biscuits	25
24360	Barquillos de cigarrillo	3 barquillos	3 wafers	15
24685	Cucurucho de barquillo para helado	1 cucurucho	1 cone	10
24370	Crep dentelle (barquillo de crep)	3 barquillos	3 wafers	15
24007	Galletas crujientes con chocolate, bajas en grasa	3 galletas	3 biscuits	25
24031	Galletas crujientes bajas en grasa	3 galletas	3 biscuits	25
24686	Bizcocho seco relleno de fruta y cubierto de chocolate	3 galletas	3 biscuits	25
24056	Florentinas (galleta de almendra y chocolate)	3 galletas	3 biscuits	25
24005	Galletas de frutas sin azúcar	3 galletas	3 biscuits	25
23027	Almendrados (macaroon)	3 galletas	3 biscuits	25
24520	Merengue	1 merengue	1 meringue	10
24060	Galleta con merengue	1 merengue	1 meringue	10
24070	Galletas de coco	3 galletas	3 biscuits	25
24080	Galletas de cacao o chocolate	3 galletas	3 biscuits	25
24072	Galletas de frutas	3 galletas	3 biscuits	25
24071	Pastas de té (masa quebrada)	3 galletas	3 biscuits	25
24680	Pastelito relleno de fruta glaseado	2 unidades	2 pieces	25
24009	Galletas speculoos (tipo Lotus)	3 galletas	3 biscuits	25
24300	Barquillo sin relleno	3 barquillos	3 wafers	15
24311	Barquillo relleno de chocolate	3 barquillos	3 wafers	15
24312	Barquillo relleno de avellana o praliné	3 barquillos	3 wafers	15
24313	Barquillo de vainilla	3 barquillos	3 wafers	15
24320	Barquillo con frutas	3 barquillos	3 wafers	15
24371	Barquillo con chocolate	3 barquillos	3 wafers	15
